iso3,year,country,hdi,hdi_rank,gnipc,le,mys,pop_total,region
AGO,2023,Angola,0.616,148,6631.276544,64.617,5.956173009,36.749906,Middle
AGO,1999,Angola,0.379,NA,4742.689405,45.808,3.387140553,15.6672345,Middle
AGO,2000,Angola,0.391,NA,4964.900553,46.501,3.425745773,16.1948685,Middle
AGO,2001,Angola,0.401,NA,5009.126104,47.032,3.464791,16.7472075,Middle
AGO,2002,Angola,0.417,NA,5902.874086,47.874,3.505191693,17.3276995,Middle
AGO,2003,Angola,0.435,NA,5932.520736,50.218,3.545592386,17.943712,Middle
AGO,2004,Angola,0.448,NA,6240.367881,51.123,3.585993079,18.600423,Middle
AGO,2005,Angola,0.463,NA,6823.310463,52.13,3.626393772,19.2911605,Middle
AGO,2006,Angola,0.475,NA,7180.047405,52.965,3.666794465,20.015279,Middle
AGO,2007,Angola,0.492,NA,8052.430051,54.2,3.707195158,20.7785615,Middle
AGO,2008,Angola,0.504,NA,8222.320249,55.281,3.747595851,21.578655,Middle
AGO,2009,Angola,0.517,NA,8870.64231,56.225,3.787996544,22.4147735,Middle
AGO,2010,Angola,0.528,NA,8754.559189,57.242,3.828397237,23.294825,Middle
AGO,2011,Angola,0.545,NA,8707.88202,58.093,3.86879793,24.2183515,Middle
AGO,2012,Angola,0.557,NA,9194.230072,58.916,3.909198623,25.177394,Middle
AGO,2013,Angola,0.567,NA,9423.771811,59.705,3.949599316,26.16562,Middle
AGO,2014,Angola,0.577,NA,9694.499032,60.396,3.99000001,27.1607695,Middle
AGO,2015,Angola,0.603,NA,9611.67273,61.042,5.315629959,28.157798,Middle
AGO,2016,Angola,0.609,NA,9011.136033,61.619,5.417390823,29.18307,Middle
AGO,2017,Angola,0.61,NA,8581.223459,62.122,5.521099768,30.234839,Middle
AGO,2018,Angola,0.611,NA,8000.925845,62.622,5.626794086,31.297155,Middle
AGO,2019,Angola,0.611,NA,7462.890759,63.051,5.734511785,32.3756325,Middle
AGO,2020,Angola,0.61,NA,6980.715433,63.116,5.844291601,33.4511325,Middle
AGO,2021,Angola,0.609,NA,6806.26114,62.958,5.956173009,34.532429,Middle
AGO,2022,Angola,0.615,NA,6836.106305,64.246,5.956173009,35.635029,Middle
BEN,2023,Benin,0.515,173,3805.527516,60.774,3.194200039,14.1110345,Western
BEN,1990,Benin,0.351,NA,2226.929974,53.02,1.452573865,5.281479,Western
BEN,1991,Benin,0.358,NA,2260.339349,53.441,1.529262549,5.446932,Western
BEN,1992,Benin,0.363,NA,2211.5574,54.137,1.610000014,5.617844,Western
BEN,1993,Benin,0.371,NA,2280.659702,54.612,1.695000017,5.872706,Western
BEN,1994,Benin,0.375,NA,2232.914425,54.988,1.780000019,6.096506,Western
BEN,1995,Benin,0.383,NA,2322.799094,55.366,1.865000021,6.226773,Western
BEN,1996,Benin,0.389,NA,2362.786395,55.648,1.950000024,6.3918575,Western
BEN,1997,Benin,0.396,NA,2441.994156,55.986,2.035000026,6.5833655,Western
BEN,1998,Benin,0.401,NA,2481.528997,56.154,2.120000029,6.7894885,Western
BEN,1999,Benin,0.407,NA,2540.646105,56.336,2.205000031,7.002818,Western
BEN,2000,Benin,0.415,NA,2608.492032,56.594,2.290000033,7.221619,Western
BEN,2001,Benin,0.426,NA,2664.875134,56.654,2.375000036,7.445596,Western
BEN,2002,Benin,0.435,NA,2698.758313,56.851,2.460000038,7.6754265,Western
BEN,2003,Benin,0.442,NA,2707.628873,57.092,2.472683366,7.91307,Western
BEN,2004,Benin,0.449,NA,2746.120811,57.346,2.485366694,8.159094,Western
BEN,2005,Benin,0.456,NA,2714.79795,57.738,2.498050022,8.4261435,Western
BEN,2006,Benin,0.462,NA,2732.586446,57.966,2.51073335,8.693242,Western
BEN,2007,Benin,0.469,NA,2809.678731,58.249,2.523416678,8.953969,Western
BEN,2008,Benin,0.475,NA,2874.903394,58.099,2.536100006,9.228466,Western
BEN,2009,Benin,0.48,NA,2849.984213,58.258,2.548783334,9.509423,Western
BEN,2010,Benin,0.485,NA,2819.911685,58.387,2.561466662,9.797484,Western
BEN,2011,Benin,0.49,NA,2831.206641,58.462,2.57414999,10.0936235,Western
BEN,2012,Benin,0.497,NA,2869.225288,58.559,2.586833318,10.397657,Western
BEN,2013,Benin,0.506,NA,2988.908003,58.863,2.599516646,10.7088335,Western
BEN,2014,Benin,0.509,NA,3090.145533,59.008,2.612199974,11.0300035,Western
BEN,2015,Benin,0.511,NA,3042.714164,59.123,2.624883302,11.360681,Western
BEN,2016,Benin,0.51,NA,3050.897721,59.283,2.63756663,11.6978415,Western
BEN,2017,Benin,0.507,NA,3123.176038,59.528,2.650249958,12.03978,Western
BEN,2018,Benin,0.507,NA,3239.335488,59.71,2.841894984,12.3833475,Western
BEN,2019,Benin,0.507,NA,3363.48276,59.888,3.03354001,12.726755,Western
BEN,2020,Benin,0.504,NA,3394.211342,60.154,3.113870025,13.070169,Western
BEN,2021,Benin,0.506,NA,3557.079405,59.61,3.194200039,13.413417,Western
BEN,2022,Benin,0.512,NA,3666.362316,60.475,3.194200039,13.7595005,Western
BWA,2023,Botswana,0.731,111,16983.77103,69.163,10.478,2.4802445,Southern
BWA,1990,Botswana,0.59,NA,10046.38331,60.104,5.52,1.305696,Southern
BWA,1991,Botswana,0.59,NA,10799.7194,58.911,5.758,1.3417565,Southern
BWA,1992,Botswana,0.589,NA,10878.04041,58.19,5.996,1.3800325,Southern
BWA,1993,Botswana,0.588,NA,11081.85543,57.316,6.234,1.420115,Southern
BWA,1994,Botswana,0.58,NA,10298.6954,55.97,6.472,1.4600225,Southern
BWA,1995,Botswana,0.583,NA,11070.39863,54.713,6.71,1.498836,Southern
BWA,1996,Botswana,0.584,NA,11044.49677,54.284,6.89,1.535914,Southern
BWA,1997,Botswana,0.587,NA,11897.61762,53.594,7.07,1.5716915,Southern
BWA,1998,Botswana,0.588,NA,12134.29242,52.968,7.25,1.6068995,Southern
BWA,1999,Botswana,0.592,NA,12375.15564,52.499,7.43,1.641997,Southern
BWA,2000,Botswana,0.594,NA,12252.63065,52.263,7.61,1.6773825,Southern
BWA,2001,Botswana,0.595,NA,12365.52085,52.21,7.744,1.712254,Southern
BWA,2002,Botswana,0.594,NA,11993.31382,52.373,7.878,1.7447625,Southern
BWA,2003,Botswana,0.602,NA,12654.08985,52.851,8.012,1.7757365,Southern
BWA,2004,Botswana,0.608,NA,12641.85884,53.573,8.146,1.807146,Southern
BWA,2005,Botswana,0.616,NA,13136.11228,54.386,8.28,1.839877,Southern
BWA,2006,Botswana,0.627,NA,14249.38069,55.112,8.398,1.8745165,Southern
BWA,2007,Botswana,0.64,NA,15004.87242,56.735,8.516,1.911201,Southern
BWA,2008,Botswana,0.645,NA,14958.16354,57.661,8.634,1.9499705,Southern
BWA,2009,Botswana,0.644,NA,13003.99226,58.297,8.752,1.990673,Southern
BWA,2010,Botswana,0.652,NA,13660.62463,59.137,8.87,2.0331105,Southern
BWA,2011,Botswana,0.661,NA,14714.84948,59.715,9.1,2.0735345,Southern
BWA,2012,Botswana,0.667,NA,14732.39973,60.384,9.33,2.1086165,Southern
BWA,2013,Botswana,0.676,NA,15163.8931,61.217,9.56,2.1406825,Southern
BWA,2014,Botswana,0.685,NA,15917.34067,62.167,9.79,2.172044,Southern
BWA,2015,Botswana,0.69,NA,14807.52767,63.215,10.02,2.203273,Southern
BWA,2016,Botswana,0.696,NA,14679.7927,64.32,10.1,2.2347755,Southern
BWA,2017,Botswana,0.704,NA,15063.29267,65.42,10.18,2.266747,Southern
BWA,2018,Botswana,0.71,NA,15305.08744,66.371,10.26,2.299141,Southern
BWA,2019,Botswana,0.718,NA,16091.62405,67.167,10.34,2.332083,Southern
BWA,2020,Botswana,0.718,NA,15141.15782,67.643,10.42,2.3658935,Southern
BWA,2021,Botswana,0.7,NA,16503.71644,63.303,10.478,2.4014405,Southern
BWA,2022,Botswana,0.729,NA,16805.70583,68.749,10.478,2.4398915,Southern
BFA,2023,Burkina Faso,0.459,186,2390.527778,61.092,2.266550064,23.025776,Western
BFA,2005,Burkina Faso,0.333,NA,1655.215222,53.271,1.343624228,13.9321235,Western
BFA,2006,Burkina Faso,0.34,NA,1716.876,53.784,1.320000052,14.373707,Western
BFA,2007,Burkina Faso,0.344,NA,1733.90831,54.377,0.980000019,14.8163065,Western
BFA,2008,Burkina Faso,0.357,NA,1779.709269,55.199,1.024285725,15.258093,Western
BFA,2009,Burkina Faso,0.366,NA,1765.062008,55.791,1.068571431,15.7100655,Western
BFA,2010,Burkina Faso,0.377,NA,1825.926259,56.343,1.112857137,16.176498,Western
BFA,2011,Burkina Faso,0.389,NA,1867.66398,57.001,1.157142844,16.661908,Western
BFA,2012,Burkina Faso,0.398,NA,1958.37158,57.457,1.20142855,17.172287,Western
BFA,2013,Burkina Faso,0.405,NA,2008.282537,57.903,1.245714256,17.695409,Western
BFA,2014,Burkina Faso,0.409,NA,1999.685308,58.331,1.289999962,18.229461,Western
BFA,2015,Burkina Faso,0.419,NA,2012.062169,58.778,1.447499961,18.777487,Western
BFA,2016,Burkina Faso,0.427,NA,2070.603234,59.173,1.604999959,19.3348555,Western
BFA,2017,Burkina Faso,0.438,NA,2152.666106,59.578,1.762499958,19.894407,Western
BFA,2018,Burkina Faso,0.449,NA,2246.016256,59.972,1.919999957,20.438288,Western
BFA,2019,Burkina Faso,0.453,NA,2280.730481,60.184,2.0999999049999998,20.9619525,Western
BFA,2020,Burkina Faso,0.453,NA,2286.295787,60.454,2.183274984,21.4786895,Western
BFA,2021,Burkina Faso,0.454,NA,2351.680408,60.046,2.266550064,21.995243,Western
BFA,2022,Burkina Faso,0.457,NA,2373.406513,60.7,2.266550064,22.5090385,Western
BDI,2023,Burundi,0.439,187,858.9155681,63.651,3.473935556,13.6894495,Eastern
BDI,1990,Burundi,0.294,NA,1356.331471,45.184,1.460000038,5.5870525,Eastern
BDI,1991,Burundi,0.296,NA,1413.874282,44.66,1.513888929,5.703857,Eastern
BDI,1992,Burundi,0.294,NA,1397.278736,44.469,1.567777819,5.8584065,Eastern
BDI,1993,Burundi,0.265,NA,1343.486309,37.221,1.62166671,5.676843,Eastern
BDI,1994,Burundi,0.298,NA,1291.20371,44.515,1.6755556,5.7138535,Eastern
BDI,1995,Burundi,0.294,NA,1130.670234,44.589,1.729444491,6.066316,Eastern
BDI,1996,Burundi,0.292,NA,1028.868301,44.807,1.783333381,6.0705055,Eastern
BDI,1997,Burundi,0.297,NA,1036.165616,45.721,1.837222271,6.070042,Eastern
BDI,1998,Burundi,0.303,NA,1069.340783,46.678,1.891111162,6.187108,Eastern
BDI,1999,Burundi,0.306,NA,1028.870057,47.627,1.945000052,6.3371555,Eastern
BDI,2000,Burundi,0.308,NA,1028.485138,47.617,1.998888943,6.4701935,Eastern
BDI,2001,Burundi,0.311,NA,995.2942406,48.509,2.052777833,6.634365,Eastern
BDI,2002,Burundi,0.324,NA,1008.44583,49.924,2.106666724,6.8241325,Eastern
BDI,2003,Burundi,0.332,NA,959.6942167,50.997,2.160555614,7.0431545,Eastern
BDI,2004,Burundi,0.344,NA,962.546083,52.217,2.214444505,7.310656,Eastern
BDI,2005,Burundi,0.352,NA,947.7204216,53.053,2.268333395,7.587299,Eastern
BDI,2006,Burundi,0.376,NA,972.6498886,53.962,2.322222286,7.8655465,Eastern
BDI,2007,Burundi,0.389,NA,972.4973987,54.832,2.376111176,8.161874,Eastern
BDI,2008,Burundi,0.401,NA,980.3343384,55.581,2.430000067,8.505637,Eastern
BDI,2009,Burundi,0.409,NA,960.6234435,56.422,2.363333384,8.9476455,Eastern
BDI,2010,Burundi,0.416,NA,967.6963505,57.088,2.296666702,9.3764445,Eastern
BDI,2011,Burundi,0.42,NA,969.3855402,57.804,2.2300000190000002,9.717978,Eastern
BDI,2012,Burundi,0.425,NA,982.3215799,58.501,2.163333337,10.0710275,Eastern
BDI,2013,Burundi,0.428,NA,998.2713488,59.179,2.096666654,10.4393405,Eastern
BDI,2014,Burundi,0.431,NA,1002.806707,59.764,2.029999971,10.7997855,Eastern
BDI,2015,Burundi,0.432,NA,945.6056123,60.107,2.286666632,11.04758,Eastern
BDI,2016,Burundi,0.436,NA,924.1181692,60.789,2.543333292,11.239451,Eastern
BDI,2017,Burundi,0.434,NA,908.7917161,61.345,2.799999952,11.506762,Eastern
BDI,2018,Burundi,0.434,NA,897.8857177,61.806,2.955112081,11.859446,Eastern
BDI,2019,Burundi,0.435,NA,885.6224475,62.18,3.118816986,12.2553365,Eastern
BDI,2020,Burundi,0.435,NA,866.1928704,62.569,3.291590683,12.617036,Eastern
BDI,2021,Burundi,0.435,NA,866.807932,62.101,3.473935556,12.9654815,Eastern
BDI,2022,Burundi,0.437,NA,861.031258,62.882,3.473935556,13.3210975,Eastern
CPV,2023,Cabo Verde,0.668,135,8165.379172,76.059,6.09003905,0.5223305,Western
CPV,2000,Cabo Verde,0.585,NA,4194.201418,68.117,5.314436678,0.4533175,Western
CPV,2001,Cabo Verde,0.591,NA,4508.316811,68.707,5.349154601,0.460293,Western
CPV,2002,Cabo Verde,0.6,NA,4673.932503,69.447,5.384099328,0.467046,Western
CPV,2003,Cabo Verde,0.606,NA,4916.685572,70.006,5.419272341,0.473383,Western
CPV,2004,Cabo Verde,0.61,NA,5116.402534,70.499,5.45467513,0.4793695,Western
CPV,2005,Cabo Verde,0.616,NA,5369.277358,70.936,5.490309197,0.4851155,Western
CPV,2006,Cabo Verde,0.631,NA,5882.285579,71.341,5.526176052,0.4907275,Western
CPV,2007,Cabo Verde,0.636,NA,6531.55827,71.487,5.562277217,0.4961895,Western
CPV,2008,Cabo Verde,0.643,NA,6880.538298,71.888,5.598614223,0.501355,Western
CPV,2009,Cabo Verde,0.644,NA,6710.051704,72.142,5.635188609,0.506141,Western
CPV,2010,Cabo Verde,0.648,NA,6645.190727,72.507,5.672001926,0.5097845,Western
CPV,2011,Cabo Verde,0.654,NA,6856.892985,72.913,5.709055736,0.5114465,Western
CPV,2012,Cabo Verde,0.655,NA,6827.180008,73.315,5.74635161,0.511955,Western
CPV,2013,Cabo Verde,0.66,NA,6840.844864,73.481,5.783891128,0.512225,Western
CPV,2014,Cabo Verde,0.659,NA,6715.772308,73.788,5.821430647,0.5123255,Western
CPV,2015,Cabo Verde,0.658,NA,6782.729604,74.096,5.860000134,0.5123935,Western
CPV,2016,Cabo Verde,0.661,NA,7000.818168,74.35,5.896509684,0.5125545,Western
CPV,2017,Cabo Verde,0.663,NA,7248.560283,74.71,5.934049202,0.512893,Western
CPV,2018,Cabo Verde,0.663,NA,7504.091349,74.84,5.986045818,0.513415,Western
CPV,2019,Cabo Verde,0.667,NA,7963.250171,75.449,6.038042434,0.514104,Western
CPV,2020,Cabo Verde,0.647,NA,6230.215833,73.818,6.09003905,0.5146795,Western
CPV,2021,Cabo Verde,0.651,NA,6660.352016,74.424,6.09003905,0.516649,Western
CPV,2022,Cabo Verde,0.664,NA,7769.236894,75.907,6.09003905,0.519741,Western
CMR,2023,Cameroon,0.588,155,4746.26582,63.7,6.574180412,28.372687,Middle
CMR,1990,Cameroon,0.448,NA,4321.961759,54.348,2.137363225,11.331821,Middle
CMR,1991,Cameroon,0.445,NA,3958.737329,54.168,2.221133081,11.66718,Middle
CMR,1992,Cameroon,0.442,NA,3766.91292,54.053,2.304902936,12.0063535,Middle
CMR,1993,Cameroon,0.436,NA,3380.475198,53.872,2.388672792,12.353131,Middle
CMR,1994,Cameroon,0.434,NA,3323.854206,53.537,2.472442647,12.704903,Middle
CMR,1995,Cameroon,0.433,NA,3321.098347,53.347,2.556212503,13.058516,Middle
CMR,1996,Cameroon,0.432,NA,3365.969051,53.2,2.641214268,13.4147575,Middle
CMR,1997,Cameroon,0.432,NA,3417.536452,53.105,2.726216033,13.775214,Middle
CMR,1998,Cameroon,0.433,NA,3524.409654,53.043,2.811217798,14.1448595,Middle
CMR,1999,Cameroon,0.434,NA,3598.998409,53.166,2.896219563,14.5251405,Middle
CMR,2000,Cameroon,0.439,NA,3572.091158,53.338,2.981221328,14.912631,Middle
CMR,2001,Cameroon,0.458,NA,3607.058716,53.598,3.058831636,15.3094905,Middle
CMR,2002,Cameroon,0.458,NA,3706.276916,53.922,3.136441943,15.7255275,Middle
CMR,2003,Cameroon,0.465,NA,3882.60825,54.253,3.21405225,16.16034,Middle
CMR,2004,Cameroon,0.47,NA,4088.290303,54.578,3.291662558,16.6104875,Middle
CMR,2005,Cameroon,0.472,NA,4050.168222,54.904,3.369272865,17.074594,Middle
CMR,2006,Cameroon,0.473,NA,4143.733919,55.301,3.429636437,17.5504065,Middle
CMR,2007,Cameroon,0.485,NA,4168.590771,55.71,3.49000001,18.049896,Middle
CMR,2008,Cameroon,0.501,NA,4191.885251,56.116,4.059999943,18.5740565,Middle
CMR,2009,Cameroon,0.516,NA,4223.280515,56.486,4.629999876,19.1139735,Middle
CMR,2010,Cameroon,0.529,NA,4200.505461,56.965,5.199999809,19.668066,Middle
CMR,2011,Cameroon,0.538,NA,4219.998608,57.482,5.352463603,20.2323035,Middle
CMR,2012,Cameroon,0.549,NA,4271.328835,58.17,5.504927397,20.809529,Middle
CMR,2013,Cameroon,0.558,NA,4343.419377,58.73,5.657391191,21.402376,Middle
CMR,2014,Cameroon,0.566,NA,4452.151839,59.13,5.809854984,22.059893,Middle
CMR,2015,Cameroon,0.575,NA,4583.946083,59.687,5.962318778,22.7634145,Middle
CMR,2016,Cameroon,0.579,NA,4636.539904,60.293,6.114782572,23.4541615,Middle
CMR,2017,Cameroon,0.581,NA,4657.676631,60.817,6.267246366,24.128601,Middle
CMR,2018,Cameroon,0.582,NA,4708.64118,61.189,6.419710159,24.806383,Middle
CMR,2019,Cameroon,0.582,NA,4724.442214,61.695,6.47855597,25.506095,Middle
CMR,2020,Cameroon,0.579,NA,4609.762821,61.674,6.537401781,26.210558,Middle
CMR,2021,Cameroon,0.574,NA,4664.754167,61.146,6.574180412,26.9157585,Middle
CMR,2022,Cameroon,0.581,NA,4662.563929,62.443,6.574180412,27.6327715,Middle
CAF,2023,Central African Republic,0.414,191,1099.8606810000001,57.408,3.989431459,5.1524205,Middle
CAF,1990,Central African Republic,0.342,NA,1583.562645,49.854,1.867779274,2.8719095,Middle
CAF,1991,Central African Republic,0.336,NA,1558.996886,49.575,1.934874257,2.9631915,Middle
CAF,1992,Central African Republic,0.321,NA,1491.256771,49.213,2.001969241,3.0588305,Middle
CAF,1993,Central African Republic,0.321,NA,1434.133139,48.899,2.069064225,3.157839,Middle
CAF,1994,Central African Republic,0.323,NA,1447.484391,48.509,2.136159208,3.2579535,Middle
CAF,1995,Central African Republic,0.326,NA,1489.627531,48.109,2.203254192,3.3480515,Middle
CAF,1996,Central African Republic,0.323,NA,1339.091881,47.7,2.281229443,3.435965,Middle
CAF,1997,Central African Republic,0.325,NA,1388.368671,47.284,2.359204694,3.5316995,Middle
CAF,1998,Central African Republic,0.328,NA,1409.017552,47.089,2.437179946,3.6288265,Middle
CAF,1999,Central African Republic,0.332,NA,1469.023772,46.91,2.515155197,3.7294495,Middle
CAF,2000,Central African Republic,0.333,NA,1447.635186,46.609,2.593130448,3.8334165,Middle
CAF,2001,Central African Republic,0.335,NA,1433.285736,46.734,2.665665566,3.919487,Middle
CAF,2002,Central African Republic,0.337,NA,1392.445086,46.84,2.738200683,4.0060775,Middle
CAF,2003,Central African Republic,0.338,NA,1271.934799,47.306,2.8107358,4.103086,Middle
CAF,2004,Central African Republic,0.342,NA,1267.709102,47.696,2.883270918,4.192826,Middle
CAF,2005,Central African Republic,0.346,NA,1275.889652,48.207,2.955806035,4.2888105,Middle
CAF,2006,Central African Republic,0.35,NA,1254.588571,48.687,3.012020751,4.377579,Middle
CAF,2007,Central African Republic,0.356,NA,1289.097312,49.327,3.068235467,4.4627705,Middle
CAF,2008,Central African Republic,0.362,NA,1335.692919,49.873,3.124450183,4.5589835,Middle
CAF,2010,Central African Republic,0.358,NA,1439.620976,46.871,3.236879615,4.4929955,Middle
CAF,2011,Central African Republic,0.377,NA,1476.142049,50.107,3.356562559,4.5650215,Middle
CAF,2012,Central African Republic,0.385,NA,1537.663355,51.336,3.476245503,4.610848,Middle
CAF,2013,Central African Republic,0.359,NA,975.6815377,49.487,3.595928447,4.642419,Middle
CAF,2014,Central African Republic,0.319,NA,978.253112,40.265,3.71561139,4.623182,Middle
CAF,2015,Central African Republic,0.377,NA,1018.081925,51.934,3.835294334,4.6293205,Middle
CAF,2016,Central African Republic,0.376,NA,1049.005029,50.999,3.858868247,4.7136635,Middle
CAF,2017,Central African Republic,0.356,NA,1107.742294,45.231,3.88244216,4.7935105,Middle
CAF,2018,Central African Republic,0.391,NA,1160.158759,52.297,3.906016074,4.878657,Middle
CAF,2019,Central African Republic,0.279,NA,1168.335689,31.53,3.929589987,4.9447035,Middle
CAF,2020,Central African Republic,0.386,NA,1130.874287,50.596,3.9531639,5.0266285,Middle
CAF,2021,Central African Republic,0.339,NA,1129.328079,40.279,3.989431459,5.1121,Middle
TCD,2023,Chad,0.416,190,1748.000992,55.069,2.334984892,19.319064,Middle
TCD,2000,Chad,0.303,NA,1104.501299,47.937,1.280210316,8.512093,Middle
TCD,2001,Chad,0.313,NA,1191.611101,48.306,1.330157742,8.804124,Middle
TCD,2002,Chad,0.32,NA,1223.177047,48.36,1.380105167,9.1161925,Middle
TCD,2003,Chad,0.32,NA,1110.668744,48.609,1.430052593,9.487833,Middle
TCD,2004,Chad,0.338,NA,1612.828936,48.687,1.480000019,9.920036,Middle
TCD,2005,Chad,0.339,NA,1705.767757,48.86,1.536000013,10.3280915,Middle
TCD,2006,Chad,0.339,NA,1516.841226,48.747,1.592000008,10.706424,Middle
TCD,2007,Chad,0.35,NA,1681.455418,49.21,1.648000002,11.0816605,Middle
TCD,2008,Chad,0.354,NA,1623.819763,49.503,1.703999996,11.4762955,Middle
TCD,2009,Chad,0.369,NA,1873.226074,49.828,1.75999999,11.8937535,Middle
TCD,2010,Chad,0.375,NA,2075.342435,50.107,1.807276988,12.312575,Middle
TCD,2011,Chad,0.384,NA,2021.690887,50.426,1.854553986,12.754997,Middle
TCD,2012,Chad,0.391,NA,2128.478882,50.765,1.901830983,13.210998,Middle
TCD,2013,Chad,0.396,NA,2120.518238,51.051,1.949107981,13.6910795,Middle
TCD,2014,Chad,0.401,NA,2194.523021,51.141,1.996384978,14.1886785,Middle
TCD,2015,Chad,0.396,NA,2226.968761,51.32,2.043661976,14.647621,Middle
TCD,2016,Chad,0.396,NA,2044.889101,51.603,2.090938973,15.114655,Middle
TCD,2017,Chad,0.397,NA,1928.856205,51.875,2.138215971,15.622759,Middle
TCD,2018,Chad,0.402,NA,1905.664562,52.447,2.185492969,16.1565305,Middle
TCD,2019,Chad,0.406,NA,1902.529287,52.993,2.232769966,16.685223,Middle
TCD,2020,Chad,0.408,NA,1818.425356,53.082,2.283305529,17.224679,Middle
TCD,2021,Chad,0.408,NA,1738.274332,53.136,2.334984892,17.8282735,Middle
TCD,2022,Chad,0.414,NA,1728.910163,54.528,2.334984892,18.4553155,Middle
COM,2023,Comoros,0.603,152,3481.12144,66.777,6.006840229,0.850387,Eastern
COM,2000,Comoros,0.461,NA,3041.40606,58.941,2.71568799,0.5360795,Eastern
COM,2001,Comoros,0.47,NA,3052.713865,59.587,2.872843325,0.54722,Eastern
COM,2002,Comoros,0.477,NA,3049.385934,59.723,3.02999866,0.5589235,Eastern
COM,2003,Comoros,0.485,NA,3050.89622,60.24,3.187153995,0.5697975,Eastern
COM,2004,Comoros,0.492,NA,3047.60806,60.557,3.34430933,0.580704,Eastern
COM,2005,Comoros,0.499,NA,3075.756975,60.883,3.501464665,0.592677,Eastern
COM,2006,Comoros,0.506,NA,3096.178856,61.229,3.65862,0.604753,Eastern
COM,2007,Comoros,0.512,NA,3071.284715,61.475,3.815775335,0.6169265,Eastern
COM,2008,Comoros,0.519,NA,3117.202764,61.955,3.97293067,0.629307,Eastern
COM,2009,Comoros,0.526,NA,3154.6874550000002,62.302,4.130086005,0.6419475,Eastern
COM,2010,Comoros,0.534,NA,3207.85851,62.747,4.28724134,0.654836,Eastern
COM,2011,Comoros,0.541,NA,3271.277594,63.105,4.444396675,0.668056,Eastern
COM,2012,Comoros,0.548,NA,3300.583013,63.463,4.60155201,0.6816295,Eastern
COM,2013,Comoros,0.556,NA,3381.003951,63.839,4.742080832,0.6961925,Eastern
COM,2014,Comoros,0.56,NA,3391.274893,64.143,4.882609653,0.7115025,Eastern
COM,2015,Comoros,0.565,NA,3362.088285,64.473,5.023138475,0.726682,Eastern
COM,2016,Comoros,0.571,NA,3400.171736,64.792,5.163667297,0.741741,Eastern
COM,2017,Comoros,0.577,NA,3455.784538,65.127,5.304196119,0.7566695,Eastern
COM,2018,Comoros,0.584,NA,3516.484262,65.401,5.444724941,0.77159,Eastern
COM,2019,Comoros,0.589,NA,3509.904377,65.662,5.585253763,0.786578,Eastern
COM,2020,Comoros,0.592,NA,3436.643836,65.756,5.725782585,0.8021635,Eastern
COM,2021,Comoros,0.594,NA,3443.436863,65.201,5.866311407,0.8181745,Eastern
COM,2022,Comoros,0.602,NA,3461.345817,66.481,6.006840229,0.834188,Eastern
COG,2023,Congo,0.649,138,5902.599066,65.772,8.322644792,6.182885,Middle
COG,1990,Congo,0.573,NA,7640.241681,57.07,5.860829425,2.38056,Middle
COG,1991,Congo,0.571,NA,7695.97822,56.764,6.039724902,2.4492295,Middle
COG,1992,Congo,0.572,NA,7878.441179,56.483,6.218620379,2.5194655,Middle
COG,1993,Congo,0.566,NA,7209.868259,56.041,6.397515855,2.595124,Middle
COG,1994,Congo,0.561,NA,6807.373523,55.641,6.576411332,2.6731445,Middle
COG,1995,Congo,0.551,NA,5534.527907,55.474,6.755306809,2.7494605,Middle
COG,1996,Congo,0.55,NA,5587.442235,55.24,6.856769915,2.8267845,Middle
COG,1997,Congo,0.516,NA,6137.075452,48.575,6.958233021,2.887862,Middle
COG,1998,Congo,0.542,NA,6758.505552,52.551,7.059696128,2.9520615,Middle
COG,1999,Congo,0.544,NA,5659.8958490000005,54.427,7.161159234,3.0328735,Middle
COG,2000,Congo,0.545,NA,5252.295517,55.371,7.26262234,3.1513455,Middle
COG,2001,Congo,0.55,NA,5649.538043,55.885,7.310683811,3.2725375,Middle
COG,2002,Congo,0.552,NA,5781.970886,56.414,7.358745283,3.3507705,Middle
COG,2003,Congo,0.553,NA,5614.568777,57.131,7.406806754,3.4457525,Middle
COG,2004,Congo,0.557,NA,5338.501106,57.957,7.454868225,3.565554,Middle
COG,2005,Congo,0.569,NA,5990.514106,58.73,7.502929697,3.696393,Middle
COG,2006,Congo,0.582,NA,6980.679136,59.474,7.516280106,3.837409,Middle
COG,2007,Congo,0.583,NA,6293.996111,60.05,7.529630514,3.98043,Middle
COG,2008,Congo,0.591,NA,6588.38771,60.79,7.542980923,4.1135175,Middle
COG,2009,Congo,0.602,NA,7644.19849,61.215,7.556331332,4.281219,Middle
COG,2010,Congo,0.609,NA,7894.725706,61.731,7.56968174,4.46229,Middle
COG,2011,Congo,0.613,NA,7587.391433,62.286,7.687165337,4.609724,Middle
COG,2012,Congo,0.624,NA,8550.156794,62.662,7.804648934,4.74045,Middle
COG,2013,Congo,0.63,NA,8596.68266,62.969,7.92213253,4.857099,Middle
COG,2014,Congo,0.639,NA,9322.621347,63.349,8.039616127,4.97588,Middle
COG,2015,Congo,0.643,NA,8963.589043,63.662,8.157099724,5.0975805,Middle
COG,2016,Congo,0.64,NA,7797.002696,63.911,8.175790296,5.222536,Middle
COG,2017,Congo,0.635,NA,6574.905209,64.203,8.194480868,5.351011,Middle
COG,2018,Congo,0.64,NA,6668.385344,64.472,8.21317144,5.483118,Middle
COG,2019,Congo,0.634,NA,6305.48033,63.152,8.231862013,5.616661,Middle
COG,2020,Congo,0.643,NA,6357.600441,64.391,8.250552585,5.7527905,Middle
COG,2021,Congo,0.643,NA,6074.608111,64.192,8.322644792,5.892183,Middle
COG,2022,Congo,0.644,NA,5806.855269,65,8.322644792,6.035104,Middle
COD,2023,Congo (Democratic Republic of the),0.522,171,1431.047931,61.895,7.378561086,105.7897315,Middle
COD,1990,Congo (Democratic Republic of the),0.388,NA,2104.535149,48.538,3.51599373,36.6840635,Middle
COD,1991,Congo (Democratic Republic of the),0.389,NA,1865.357556,48.944,3.72539069,37.9258175,Middle
COD,1992,Congo (Democratic Republic of the),0.387,NA,1608.663139,49.323,3.93478765,39.22891,Middle
COD,1993,Congo (Democratic Republic of the),0.385,NA,1381.56204,49.621,4.14418461,40.6563365,Middle
COD,1994,Congo (Democratic Republic of the),0.382,NA,1187.045441,49.88,4.35358157,42.6268755,Middle
COD,1995,Congo (Democratic Republic of the),0.385,NA,1122.086314,50.381,4.562978529,44.4337045,Middle
COD,1996,Congo (Democratic Republic of the),0.386,NA,1179.588385,49.376,4.678615657,45.2961235,Middle
COD,1997,Congo (Democratic Republic of the),0.388,NA,1090.084738,50.461,4.794252784,46.029902,Middle
COD,1998,Congo (Democratic Republic of the),0.385,NA,1053.262635,49.664,4.909889911,47.2976,Middle
COD,1999,Congo (Democratic Republic of the),0.383,NA,945.7694804,50.089,5.025527038,48.912971,Middle
COD,2000,Congo (Democratic Republic of the),0.391,NA,919.5513503,51.887,5.141164165,50.5074415,Middle
COD,2001,Congo (Democratic Republic of the),0.389,NA,846.6356075,52.205,5.200545392,52.132646,Middle
COD,2002,Congo (Democratic Republic of the),0.392,NA,860.3290924,52.371,5.25992662,53.7505245,Middle
COD,2003,Congo (Democratic Republic of the),0.398,NA,888.6278777,52.952,5.319307847,55.343867,Middle
COD,2004,Congo (Democratic Republic of the),0.403,NA,916.1830147,53.534,5.378689075,56.997741,Middle
COD,2005,Congo (Democratic Republic of the),0.408,NA,930.3758281,54.001,5.438070302,58.7757245,Middle
COD,2006,Congo (Democratic Republic of the),0.413,NA,958.8763448,54.498,5.478699563,60.6159075,Middle
COD,2007,Congo (Democratic Republic of the),0.417,NA,979.5181102,54.954,5.519328824,62.477752,Middle
COD,2008,Congo (Democratic Republic of the),0.426,NA,980.4460485,55.388,5.559958085,64.3906635,Middle
COD,2009,Congo (Democratic Republic of the),0.431,NA,1001.194034,55.798,5.600587346,66.412044,Middle
COD,2010,Congo (Democratic Republic of the),0.44,NA,1035.516554,56.411,5.641216607,68.5630375,Middle
COD,2011,Congo (Democratic Republic of the),0.447,NA,1057.410246,56.911,5.74747775,70.8493115,Middle
COD,2012,Congo (Democratic Republic of the),0.451,NA,1085.658682,57.35,5.853738894,73.2546185,Middle
COD,2013,Congo (Democratic Republic of the),0.456,NA,1090.945975,57.795,5.9600000380000004,75.789395,Middle
COD,2014,Congo (Democratic Republic of the),0.467,NA,1159.793033,58.236,6.226666768,78.403242,Middle
COD,2015,Congo (Democratic Republic of the),0.477,NA,1219.766369,58.658,6.493333499,81.035531,Middle
COD,2016,Congo (Democratic Republic of the),0.487,NA,1285.253326,59.081,6.760000229,83.956415,Middle
COD,2017,Congo (Democratic Republic of the),0.491,NA,1271.977855,59.495,6.903780222,87.083398,Middle
COD,2018,Congo (Democratic Republic of the),0.497,NA,1287.625183,59.926,7.047560215,90.0476435,Middle
COD,2019,Congo (Democratic Republic of the),0.501,NA,1276.43567,60.242,7.126862507,92.947442,Middle
COD,2020,Congo (Democratic Republic of the),0.506,NA,1300.496028,60.428,7.206164799,95.989998,Middle
COD,2021,Congo (Democratic Republic of the),0.508,NA,1309.354157,60.044,7.378561086,99.148932,Middle
COD,2022,Congo (Democratic Republic of the),0.514,NA,1340.836155,60.979,7.378561086,102.396968,Middle
CIV,2023,Côte d'Ivoire,0.582,157,6735.416265,61.944,4.8699998859999996,31.165654,Western
CIV,1990,Côte d'Ivoire,0.389,NA,3672.900443,52.796,1.970933041,12.1897775,Western
CIV,1991,Côte d'Ivoire,0.39,NA,3488.495444,52.621,2.059818256,12.68387,Western
CIV,1992,Côte d'Ivoire,0.392,NA,3391.47763,52.429,2.148703472,13.2003105,Western
CIV,1993,Côte d'Ivoire,0.393,NA,3297.132992,52.247,2.237588688,13.735951,Western
CIV,1994,Côte d'Ivoire,0.396,NA,3299.821941,52.005,2.326473903,14.2872015,Western
CIV,1995,Côte d'Ivoire,0.399,NA,3413.205346,51.713,2.415359119,14.8555645,Western
CIV,1996,Côte d'Ivoire,0.403,NA,3451.266549,51.596,2.560280666,15.442312,Western
CIV,1997,Côte d'Ivoire,0.409,NA,3633.593586,51.498,2.705202213,16.04717,Western
CIV,1998,Côte d'Ivoire,0.413,NA,3684.451175,51.22,2.85012376,16.6639485,Western
CIV,1999,Côte d'Ivoire,0.416,NA,3551.939305,51.273,2.995045307,17.2159355,Western
CIV,2000,Côte d'Ivoire,0.419,NA,3463.52294,51.393,3.139966854,17.699004,Western
CIV,2001,Côte d'Ivoire,0.422,NA,3392.277976,51.428,3.234648932,18.178913,Western
CIV,2002,Côte d'Ivoire,0.424,NA,3255.147324,51.544,3.329331009,18.6547715,Western
CIV,2003,Côte d'Ivoire,0.425,NA,3158.01851,51.443,3.424013087,19.125542,Western
CIV,2004,Côte d'Ivoire,0.43,NA,3132.442306,51.939,3.518695164,19.5950005,Western
CIV,2005,Côte d'Ivoire,0.435,NA,3111.609231,52.432,3.613377242,20.0684575,Western
CIV,2006,Côte d'Ivoire,0.44,NA,3083.115703,52.885,3.706127032,20.546802,Western
CIV,2007,Côte d'Ivoire,0.445,NA,3065.991162,53.452,3.798876822,21.030558,Western
CIV,2008,Côte d'Ivoire,0.452,NA,3081.40758,54.179,3.891626612,21.5144385,Western
CIV,2009,Côte d'Ivoire,0.458,NA,3167.362078,54.744,3.984376402,21.9979395,Western
CIV,2010,Côte d'Ivoire,0.465,NA,3301.281161,55.282,4.077126192,22.4880645,Western
CIV,2011,Côte d'Ivoire,0.469,NA,3070.583493,55.972,4.227844601,22.9819995,Western
CIV,2012,Côte d'Ivoire,0.478,NA,3282.163515,56.57,4.37856301,23.467078,Western
CIV,2013,Côte d'Ivoire,0.487,NA,3512.707753,57.057,4.529281419,23.9397755,Western
CIV,2014,Côte d'Ivoire,0.511,NA,5137.627764,57.772,4.679999828,24.5273955,Western
CIV,2015,Côte d'Ivoire,0.519,NA,5347.009298,58.281,4.707142694,25.2463425,Western
CIV,2016,Côte d'Ivoire,0.53,NA,5582.247993,58.814,4.734285559,25.9894045,Western
CIV,2017,Côte d'Ivoire,0.539,NA,5804.94604,59.315,4.761428424,26.7333715,Western
CIV,2018,Côte d'Ivoire,0.545,NA,5941.990577,59.795,4.78857129,27.4641725,Western
CIV,2019,Côte d'Ivoire,0.552,NA,6182.837505,60.274,4.815714155,28.193009,Western
CIV,2020,Côte d'Ivoire,0.553,NA,6057.456505,60.14,4.84285702,28.9154495,Western
CIV,2021,Côte d'Ivoire,0.557,NA,6320.312516,60.29,4.8699998859999996,29.6397365,Western
CIV,2022,Côte d'Ivoire,0.565,NA,6540.492164,61.562,4.8699998859999996,30.395002,Western
GNQ,2023,Equatorial Guinea,0.674,133,12762.46845,63.707,8.281327014,1.847549,Middle
GNQ,2000,Equatorial Guinea,0.508,NA,8388.187638,53.395,6.393709877,0.703279,Middle
GNQ,2001,Equatorial Guinea,0.521,NA,9634.383571,53.827,6.484496369,0.7498355,Middle
GNQ,2002,Equatorial Guinea,0.536,NA,11765.83689,54.324,6.57657197,0.797957,Middle
GNQ,2003,Equatorial Guinea,0.541,NA,10960.50742,54.791,6.669954983,0.8478625,Middle
GNQ,2004,Equatorial Guinea,0.552,NA,11985.67512,55.307,6.764663975,0.8999165,Middle
GNQ,2005,Equatorial Guinea,0.566,NA,14274.94606,55.766,6.860717772,0.947367,Middle
GNQ,2006,Equatorial Guinea,0.591,NA,22274.69559,56.354,6.958135469,0.990343,Middle
GNQ,2007,Equatorial Guinea,0.603,NA,24967.99755,56.857,7.056936435,1.036044,Middle
GNQ,2008,Equatorial Guinea,0.613,NA,26021.18267,57.384,7.157140309,1.08453,Middle
GNQ,2009,Equatorial Guinea,0.615,NA,22475.55406,57.881,7.258767013,1.135673,Middle
GNQ,2010,Equatorial Guinea,0.612,NA,17288.90714,58.344,7.361836749,1.189085,Middle
GNQ,2011,Equatorial Guinea,0.624,NA,19144.9338,58.827,7.466370009,1.2418355,Middle
GNQ,2012,Equatorial Guinea,0.635,NA,21449.34074,59.301,7.572387571,1.293483,Middle
GNQ,2013,Equatorial Guinea,0.644,NA,21815.63252,59.784,7.679910514,1.346218,Middle
GNQ,2014,Equatorial Guinea,0.652,NA,22553.92941,60.228,7.787433457,1.3998275,Middle
GNQ,2015,Equatorial Guinea,0.656,NA,21037.17057,60.635,7.8949564,1.453923,Middle
GNQ,2016,Equatorial Guinea,0.659,NA,18787.45932,61.081,8.002479343,1.508186,Middle
GNQ,2017,Equatorial Guinea,0.661,NA,17055.53673,61.481,8.110002286,1.5623955,Middle
GNQ,2018,Equatorial Guinea,0.663,NA,15351.19251,61.915,8.167110529,1.616422,Middle
GNQ,2019,Equatorial Guinea,0.667,NA,14931.17863,62.297,8.224218771,1.670177,Middle
GNQ,2020,Equatorial Guinea,0.668,NA,14178.45826,62.141,8.281327014,1.7164685,Middle
GNQ,2021,Equatorial Guinea,0.671,NA,13554.72465,62.447,8.281327014,1.7587865,Middle
GNQ,2022,Equatorial Guinea,0.677,NA,13996.80428,63.355,8.281327014,1.803545,Middle
ERI,2023,Eritrea,0.503,178,2029.070062,68.624,5.09136442,3.4703895,Eastern
ERI,2005,Eritrea,0.474,NA,1806.546167,60.628,4.710979562,2.6612145,Eastern
ERI,2006,Eritrea,0.473,NA,1763.527403,61.457,4.703474364,2.703502,Eastern
ERI,2007,Eritrea,0.472,NA,1765.81139,61.998,4.695981122,2.7432225,Eastern
ERI,2008,Eritrea,0.457,NA,1381.458521,62.422,4.688499818,2.8163275,Eastern
ERI,2009,Eritrea,0.462,NA,1511.023242,63.203,4.681030433,2.887885,Eastern
ERI,2010,Eritrea,0.465,NA,1636.381974,63.665,4.673572948,2.9451865,Eastern
ERI,2011,Eritrea,0.48,NA,2022.462341,64.231,4.666127343,2.998485,Eastern
ERI,2012,Eritrea,0.483,NA,2034.481971,64.697,4.6586936,3.0369885,Eastern
ERI,2013,Eritrea,0.479,NA,1799.60673,65.005,4.6512717,3.0743605,Eastern
ERI,2014,Eritrea,0.497,NA,2340.4599,65.517,4.6438498,3.0951725,Eastern
ERI,2015,Eritrea,0.48,NA,1851.619709,65.909,4.6364279,3.105546,Eastern
ERI,2016,Eritrea,0.485,NA,1976.286165,66.242,4.629006,3.124698,Eastern
ERI,2017,Eritrea,0.48,NA,1763.887755,66.612,4.6215841,3.150347,Eastern
ERI,2018,Eritrea,0.49,NA,1967.275429,66.979,4.77817754,3.1927605,Eastern
ERI,2019,Eritrea,0.495,NA,2012.834155,67.306,4.93477098,3.240194,Eastern
ERI,2020,Eritrea,0.495,NA,1971.070024,66.98,5.09136442,3.2912705,Eastern
ERI,2021,Eritrea,0.496,NA,1992.466929,66.94,5.09136442,3.350183,Eastern
ERI,2022,Eritrea,0.499,NA,2009.0848,67.789,5.09136442,3.409447,Eastern
SWZ,2023,Eswatini (Kingdom of),0.695,126,9919.08523,64.123,8.685199738,1.230506,Southern
SWZ,1990,Eswatini (Kingdom of),0.57,NA,5808.114894,61.167,6.29047933,0.8724285,Southern
SWZ,1991,Eswatini (Kingdom of),0.565,NA,5716.568876,60.392,6.258665412,0.9081895,Southern
SWZ,1992,Eswatini (Kingdom of),0.558,NA,5699.137574,59.284,6.226851493,0.943416,Southern
SWZ,1993,Eswatini (Kingdom of),0.55,NA,5548.605472,58.092,6.195037575,0.9713185,Southern
SWZ,1994,Eswatini (Kingdom of),0.543,NA,5424.244511,56.643,6.163223657,0.9712125,Southern
SWZ,1995,Eswatini (Kingdom of),0.54,NA,6025.510933,55.08,6.131409738,0.9704335,Southern
SWZ,1996,Eswatini (Kingdom of),0.532,NA,6309.567337,53.296,6.021507111,0.9898415,Southern
SWZ,1997,Eswatini (Kingdom of),0.523,NA,6393.902313,51.699,5.911604483,1.006635,Southern
SWZ,1998,Eswatini (Kingdom of),0.511,NA,6207.043799,50.066,5.801701856,1.0196525,Southern
SWZ,1999,Eswatini (Kingdom of),0.504,NA,6411.40308,48.808,5.691799229,1.030782,Southern
SWZ,2000,Eswatini (Kingdom of),0.493,NA,6252.723077,47.627,5.581896601,1.0414135,Southern
SWZ,2001,Eswatini (Kingdom of),0.484,NA,6558.878255,46.344,5.37076787,1.0510645,Southern
SWZ,2002,Eswatini (Kingdom of),0.473,NA,6354.02757,45.38,5.159639138,1.0594415,Southern
SWZ,2003,Eswatini (Kingdom of),0.469,NA,6402.012144,44.632,4.948510407,1.0667,Southern
SWZ,2004,Eswatini (Kingdom of),0.467,NA,6734.353973,43.906,4.737381675,1.0731585,Southern
SWZ,2005,Eswatini (Kingdom of),0.472,NA,7516.025777,43.958,4.526252943,1.0790215,Southern
SWZ,2006,Eswatini (Kingdom of),0.485,NA,7508.384562,44.563,4.783656466,1.084436,Southern
SWZ,2007,Eswatini (Kingdom of),0.497,NA,7856.134943,45.16,5.041059988,1.090705,Southern
SWZ,2008,Eswatini (Kingdom of),0.507,NA,7770.676901,45.853,5.29846351,1.0980915,Southern
SWZ,2009,Eswatini (Kingdom of),0.519,NA,7699.950735,46.913,5.555867032,1.1051535,Southern
SWZ,2010,Eswatini (Kingdom of),0.534,NA,7711.573525,48.331,5.813270554,1.11165,Southern
SWZ,2011,Eswatini (Kingdom of),0.545,NA,7769.564694,49.057,6.114056692,1.1178335,Southern
SWZ,2012,Eswatini (Kingdom of),0.562,NA,8097.134315,50.714,6.41484283,1.1238635,Southern
SWZ,2013,Eswatini (Kingdom of),0.578,NA,8554.221007,52.11,6.715628968,1.12999,Southern
SWZ,2014,Eswatini (Kingdom of),0.592,NA,8576.052997,53.491,7.016415106,1.136299,Southern
SWZ,2015,Eswatini (Kingdom of),0.607,NA,8731.244315,54.941,7.317201244,1.1428125,Southern
SWZ,2016,Eswatini (Kingdom of),0.619,NA,8613.618165,56.228,7.510976929,1.1495075,Southern
SWZ,2017,Eswatini (Kingdom of),0.631,NA,8599.294156,57.574,7.704752614,1.1581945,Southern
SWZ,2018,Eswatini (Kingdom of),0.643,NA,8696.537871,58.707,7.898528299,1.1689295,Southern
SWZ,2019,Eswatini (Kingdom of),0.653,NA,8473.949717,59.85,8.092303985,1.179874,Southern
SWZ,2020,Eswatini (Kingdom of),0.657,NA,8361.686315,59.862,8.28607967,1.1927295,Southern
SWZ,2021,Eswatini (Kingdom of),0.658,NA,9440.039984,58.228,8.485639704,1.2065935,Southern
SWZ,2022,Eswatini (Kingdom of),0.695,NA,11034.70789,63.028,8.685199738,1.2189165,Southern
ETH,2023,Ethiopia,0.497,180,2795.506984,67.315,2.402539813,128.691692,Eastern
ETH,2000,Ethiopia,0.293,NA,819.5954758,50.88,1.482605772,67.411494,Eastern
ETH,2001,Ethiopia,0.307,NA,860.1814068,51.428,1.556591678,69.487762,Eastern
ETH,2002,Ethiopia,0.314,NA,847.8776829,52.085,1.630577584,71.635517,Eastern
ETH,2003,Ethiopia,0.317,NA,804.8616267,52.877,1.70456349,73.832663,Eastern
ETH,2004,Ethiopia,0.331,NA,886.4934986,53.735,1.783422613,76.077206,Eastern
ETH,2005,Ethiopia,0.35,NA,967.043812,54.364,1.862281736,78.3674705,Eastern
ETH,2006,Ethiopia,0.366,NA,1039.660108,55.402,1.941140858,80.70349,Eastern
ETH,2007,Ethiopia,0.383,NA,1127.127253,56.566,2.0199999809999998,83.1032175,Eastern
ETH,2008,Ethiopia,0.398,NA,1212.788567,57.733,2.057500005,85.543668,Eastern
ETH,2009,Ethiopia,0.405,NA,1279.682798,58.715,2.095000029,88.0076365,Eastern
ETH,2010,Ethiopia,0.415,NA,1398.780518,59.709,2.132500052,90.5385135,Eastern
ETH,2011,Ethiopia,0.425,NA,1511.037729,60.595,2.170000076,93.14997,Eastern
ETH,2012,Ethiopia,0.433,NA,1595.867936,61.443,2.221358061,95.798767,Eastern
ETH,2013,Ethiopia,0.441,NA,1716.829077,62.161,2.272716045,98.438751,Eastern
ETH,2014,Ethiopia,0.449,NA,1841.463756,62.927,2.32407403,101.1156095,Eastern
ETH,2015,Ethiopia,0.456,NA,1976.217042,63.592,2.375432014,103.8671345,Eastern
ETH,2016,Ethiopia,0.463,NA,2106.157757,64.162,2.426789999,106.718162,Eastern
ETH,2017,Ethiopia,0.47,NA,2239.741904,64.766,2.41103665,109.666481,Eastern
ETH,2018,Ethiopia,0.476,NA,2332.861671,65.257,2.395283302,112.6641525,Eastern
ETH,2019,Ethiopia,0.482,NA,2457.596284,65.741,2.379529953,115.7373825,Eastern
ETH,2020,Ethiopia,0.486,NA,2539.167102,65.969,2.391007204,118.9176715,Eastern
ETH,2021,Ethiopia,0.487,NA,2614.792524,65.33,2.402539813,122.1385885,Eastern
ETH,2022,Ethiopia,0.494,NA,2686.678875,66.897,2.402539813,125.3842865,Eastern
GAB,2023,Gabon,0.733,108,18854.06151,68.337,9.686,2.4847885,Middle
GAB,1990,Gabon,0.621,NA,27452.78835,60.736,4.32,0.983734,Middle
GAB,1991,Gabon,0.627,NA,28430.47826,60.891,4.5,1.0108185,Middle
GAB,1992,Gabon,0.628,NA,26219.83004,61.013,4.68,1.0383805,Middle
GAB,1993,Gabon,0.631,NA,26258.45691,61.125,4.86,1.0664045,Middle
GAB,1994,Gabon,0.636,NA,27124.218390000002,61.183,5.04,1.0947205,Middle
GAB,1995,Gabon,0.64,NA,27402.96085,61.27,5.22,1.1232125,Middle
GAB,1996,Gabon,0.644,NA,27614.71549,61.265,5.406,1.152015,Middle
GAB,1997,Gabon,0.648,NA,28268.99601,61.395,5.592,1.1814395,Middle
GAB,1998,Gabon,0.654,NA,29625.87695,61.506,5.778,1.2117355,Middle
GAB,1999,Gabon,0.653,NA,25760.47571,61.658,5.964,1.2430165,Middle
GAB,2000,Gabon,0.652,NA,22833.64186,61.81,6.15,1.2755725,Middle
GAB,2001,Gabon,0.657,NA,24052.20088,61.982,6.304,1.3095885,Middle
GAB,2002,Gabon,0.661,NA,24227.16986,62.175,6.458,1.345135,Middle
GAB,2003,Gabon,0.664,NA,23706.14729,62.463,6.612,1.3823495,Middle
GAB,2004,Gabon,0.665,NA,21801.82006,62.694,6.766,1.4216085,Middle
GAB,2005,Gabon,0.671,NA,22856.70176,62.978,6.92,1.463495,Middle
GAB,2006,Gabon,0.67,NA,20428.60198,63.259,7.05,1.508337,Middle
GAB,2007,Gabon,0.674,NA,20517.4942,63.619,7.18,1.5562375,Middle
GAB,2008,Gabon,0.675,NA,18862.97371,64.011,7.31,1.607175,Middle
GAB,2009,Gabon,0.681,NA,19771.94697,64.361,7.44,1.661556,Middle
GAB,2010,Gabon,0.684,NA,19444.82872,64.715,7.57,1.719879,Middle
GAB,2011,Gabon,0.69,NA,19266.5254,65.102,7.852,1.7819845,Middle
GAB,2012,Gabon,0.699,NA,20975.52432,65.438,8.134,1.8468895,Middle
GAB,2013,Gabon,0.707,NA,21754.65937,65.751,8.416,1.9130585,Middle
GAB,2014,Gabon,0.716,NA,23760.79278,66.07,8.698,1.9783995,Middle
GAB,2015,Gabon,0.72,NA,23016.95021,66.336,8.98,2.0409895,Middle
GAB,2016,Gabon,0.724,NA,23076.55524,66.583,9.094,2.100306,Middle
GAB,2017,Gabon,0.726,NA,22948.73829,66.816,9.208,2.1569,Middle
GAB,2018,Gabon,0.727,NA,21855.17234,67.043,9.322,2.2123175,Middle
GAB,2019,Gabon,0.73,NA,21409.17969,67.337,9.436,2.2677055,Middle
GAB,2020,Gabon,0.732,NA,22035.36436,67.073,9.55,2.322539,Middle
GAB,2021,Gabon,0.72,NA,16490.96058,67.072,9.686,2.376722,Middle
GAB,2022,Gabon,0.73,NA,18924.67547,67.713,9.686,2.430747,Middle
GMB,2023,Gambia,0.524,170,2812.017602,65.86,4.674727154,2.6978455,Western
GMB,1990,Gambia,0.331,NA,2615.818774,51.278,1.395152942,1.0546955,Western
GMB,1991,Gambia,0.339,NA,2595.015623,51.857,1.521166756,1.099959,Western
GMB,1992,Gambia,0.347,NA,2581.012415,52.477,1.64718057,1.1455825,Western
GMB,1993,Gambia,0.355,NA,2534.630425,53.15,1.773194384,1.188365,Western
GMB,1994,Gambia,0.362,NA,2460.459377,53.768,1.899208198,1.2272265,Western
GMB,1995,Gambia,0.37,NA,2420.725066,54.292,2.025222012,1.2643125,Western
GMB,1996,Gambia,0.377,NA,2453.0407059999998,54.849,2.067976699,1.3014105,Western
GMB,1997,Gambia,0.381,NA,2368.576672,55.225,2.110731386,1.3388895,Western
GMB,1998,Gambia,0.389,NA,2385.852378,56.007,2.153486073,1.376987,Western
GMB,1999,Gambia,0.396,NA,2465.697302,56.466,2.19624076,1.415779,Western
GMB,2000,Gambia,0.403,NA,2537.899341,56.899,2.238995447,1.4550845,Western
GMB,2001,Gambia,0.41,NA,2594.498517,57.283,2.322254574,1.495011,Western
GMB,2002,Gambia,0.415,NA,2506.601202,57.736,2.405513701,1.535691,Western
GMB,2003,Gambia,0.422,NA,2523.550776,58.223,2.488772828,1.5776115,Western
GMB,2004,Gambia,0.432,NA,2752.551975,58.749,2.572031955,1.6213115,Western
GMB,2005,Gambia,0.436,NA,2608.455881,59.11,2.655291083,1.667037,Western
GMB,2006,Gambia,0.441,NA,2509.010643,59.667,2.75880243,1.7152755,Western
GMB,2007,Gambia,0.447,NA,2514.877578,60.001,2.862313777,1.7657735,Western
GMB,2008,Gambia,0.455,NA,2602.780325,60.473,2.965825124,1.817852,Western
GMB,2009,Gambia,0.459,NA,2682.993497,60.735,3.069336472,1.8714225,Western
GMB,2010,Gambia,0.463,NA,2755.787837,61.167,3.172847819,1.9266295,Western
GMB,2011,Gambia,0.463,NA,2444.684789,61.561,3.305612373,1.9837835,Western
GMB,2012,Gambia,0.469,NA,2499.563349,61.9,3.438376927,2.0430945,Western
GMB,2013,Gambia,0.474,NA,2491.97756,62.252,3.571141481,2.1038195,Western
GMB,2014,Gambia,0.477,NA,2380.919086,62.576,3.676881218,2.164528,Western
GMB,2015,Gambia,0.482,NA,2403.977347,62.971,3.782620955,2.224529,Western
GMB,2016,Gambia,0.487,NA,2394.756781,63.386,3.888360691,2.2837695,Western
GMB,2017,Gambia,0.493,NA,2443.981533,63.708,3.994100428,2.342189,Western
GMB,2018,Gambia,0.5,NA,2555.513365,64.034,4.099840164,2.399632,Western
GMB,2019,Gambia,0.508,NA,2649.003955,64.427,4.306130171,2.456844,Western
GMB,2020,Gambia,0.512,NA,2602.793237,64.418,4.512420177,2.5157335,Western
GMB,2021,Gambia,0.513,NA,2642.753208,63.847,4.674727154,2.5760095,Western
GMB,2022,Gambia,0.519,NA,2732.65957,64.859,4.674727154,2.63647,Western
GHA,2023,Ghana,0.628,143,6846.352204,65.498,7.107210159,33.787914,Western
GHA,1990,Ghana,0.432,NA,2740.769898,55.395,4.183136892,15.3946485,Western
GHA,1991,Ghana,0.438,NA,2816.635579,55.722,4.310931298,15.787496,Western
GHA,1992,Ghana,0.444,NA,2858.79825,56.055,4.438725704,16.1848555,Western
GHA,1993,Ghana,0.45,NA,2914.2247,56.286,4.56652011,16.589519,Western
GHA,1994,Ghana,0.453,NA,2933.340028,56.234,4.694314516,16.9931895,Western
GHA,1995,Ghana,0.459,NA,2981.337409,56.662,4.822108922,17.3990165,Western
GHA,1996,Ghana,0.465,NA,3048.246303,56.957,4.902193417,17.8101815,Western
GHA,1997,Ghana,0.469,NA,3101.511,57.241,4.982277911,18.2389575,Western
GHA,1998,Ghana,0.475,NA,3166.211523,57.525,5.062362406,18.6880365,Western
GHA,1999,Ghana,0.48,NA,3223.606199,57.835,5.1424469,19.1498645,Western
GHA,2000,Ghana,0.487,NA,3248.185181,58.139,5.222531394,19.637087,Western
GHA,2001,Ghana,0.486,NA,3337.583575,58.403,5.270241306,20.1670685,Western
GHA,2002,Ghana,0.493,NA,3400.42006,58.709,5.317951218,20.729388,Western
GHA,2003,Ghana,0.495,NA,3480.530856,59.014,5.365661129,21.296705,Western
GHA,2004,Ghana,0.503,NA,3568.447204,59.316,5.413371041,21.868298,Western
GHA,2005,Ghana,0.515,NA,3729.608491,59.638,5.461080952,22.449438,Western
GHA,2006,Ghana,0.524,NA,3822.17933,59.975,5.520718342,23.040702,Western
GHA,2007,Ghana,0.534,NA,3887.274264,60.282,5.580355731,23.642279,Western
GHA,2008,Ghana,0.546,NA,4142.104882,60.578,5.639993121,24.249946,Western
GHA,2009,Ghana,0.551,NA,4237.039982,60.928,5.69963051,24.8626645,Western
GHA,2010,Ghana,0.558,NA,4405.076016,61.297,5.7592679,25.4749945,Western
GHA,2011,Ghana,0.568,NA,4830.327359,61.617,5.789938557,26.095088,Western
GHA,2012,Ghana,0.575,NA,5039.796008,61.995,5.820609215,26.7342685,Western
GHA,2013,Ghana,0.582,NA,5408.044475,62.397,5.851279872,27.3861925,Western
GHA,2014,Ghana,0.58,NA,5300.678009,62.832,5.88195053,28.0415925,Western
GHA,2015,Ghana,0.588,NA,5412.756719,63.175,5.912621187,28.6960675,Western
GHA,2016,Ghana,0.59,NA,5413.128771,63.522,6.016560637,29.3567415,Western
GHA,2017,Ghana,0.594,NA,5670.971586,63.829,6.120500088,30.008354,Western
GHA,2018,Ghana,0.6,NA,5917.655499,64.138,6.317842102,30.6375845,Western
GHA,2019,Ghana,0.609,NA,6196.924788,64.455,6.515184116,31.258945,Western
GHA,2020,Ghana,0.614,NA,6415.395686,64.309,6.712526131,31.887809,Western
GHA,2021,Ghana,0.618,NA,6343.765165,64.286,6.909868145,32.518665,Western
GHA,2022,Ghana,0.625,NA,6545.654547,65.246,7.107210159,33.149152,Western
GIN,2023,Guinea,0.5,179,3494.347723,60.74,2.486339025,14.405468,Western
GIN,1990,Guinea,0.282,NA,1993.0057,47.252,1.312727442,6.434374,Western
GIN,1991,Guinea,0.287,NA,1964.292645,47.781,1.325301235,6.6971655,Western
GIN,1992,Guinea,0.293,NA,1990.009148,48.266,1.337995465,6.914366,Western
GIN,1993,Guinea,0.3,NA,2064.898286,48.819,1.350811284,7.1281775,Western
GIN,1994,Guinea,0.307,NA,2092.139751,49.188,1.363749859,7.345107,Western
GIN,1995,Guinea,0.314,NA,2129.287127,49.836,1.376812363,7.5532495,Western
GIN,1996,Guinea,0.323,NA,2174.056991,50.546,1.389999986,7.770035,Western
GIN,1997,Guinea,0.332,NA,2225.660472,51.113,1.403571418,7.93137,Western
GIN,1998,Guinea,0.342,NA,2274.871972,51.61,1.417142851,8.08199,Western
GIN,1999,Guinea,0.351,NA,2350.101842,51.987,1.430714284,8.2651230000000009,Western
GIN,2000,Guinea,0.359,NA,2367.05557,52.42,1.444285716,8.4288315,Western
GIN,2001,Guinea,0.366,NA,2406.902791,52.669,1.457857149,8.53996,Western
GIN,2002,Guinea,0.377,NA,2543.613052,53.2,1.471428582,8.6740655,Western
GIN,2003,Guinea,0.384,NA,2573.908064,53.589,1.485000014,8.8707815,Western
GIN,2004,Guinea,0.391,NA,2566.863148,53.975,1.498571447,9.0627255,Western
GIN,2005,Guinea,0.401,NA,2588.831,54.422,1.51214288,9.2458445,Western
GIN,2006,Guinea,0.409,NA,2496.917677,54.875,1.525714312,9.4411705,Western
GIN,2007,Guinea,0.416,NA,2606.23236,55.233,1.539285745,9.6622805,Western
GIN,2008,Guinea,0.422,NA,2641.640275,55.703,1.552857178,9.8988695,Western
GIN,2009,Guinea,0.424,NA,2521.873655,56.052,1.56642861,10.1435345,Western
GIN,2010,Guinea,0.43,NA,2609.543127,56.431,1.580000043,10.396086,Western
GIN,2011,Guinea,0.436,NA,2666.046382,56.778,1.652500033,10.65681,Western
GIN,2012,Guinea,0.44,NA,2763.946238,57.117,1.725000024,10.9215805,Western
GIN,2013,Guinea,0.445,NA,2706.210428,57.459,1.797500014,11.191873,Western
GIN,2014,Guinea,0.451,NA,2786.648553,57.581,1.870000005,11.472924,Western
GIN,2015,Guinea,0.465,NA,2869.065699,57.899,2.45095998,11.76707,Western
GIN,2016,Guinea,0.482,NA,3094.988871,58.49,3.031919956,12.07303,Western
GIN,2017,Guinea,0.482,NA,3371.194038,58.715,2.580960035,12.385659,Western
GIN,2018,Guinea,0.479,NA,3387.627921,59.043,2.130000114,12.704774,Western
GIN,2019,Guinea,0.486,NA,3462.866336,59.379,2.242710416,13.034346,Western
GIN,2020,Guinea,0.488,NA,3361.174278,59.35,2.361384854,13.371183,Western
GIN,2021,Guinea,0.49,NA,3209.705499,59.373,2.486339025,13.710513,Western
GIN,2022,Guinea,0.498,NA,3412.495042,60.432,2.486339025,14.055137,Western
GNB,2023,Guinea-Bissau,0.514,174,2403.059237,64.085,3.673035,2.153339,Western
GNB,2005,Guinea-Bissau,0.412,NA,1858.510911,52.949,2.148568167,1.3815855,Western
GNB,2006,Guinea-Bissau,0.424,NA,1861.823348,54.089,2.27117,1.4153025,Western
GNB,2007,Guinea-Bissau,0.431,NA,1862.162064,54.87,2.418591125,1.4509855,Western
GNB,2008,Guinea-Bissau,0.436,NA,1891.722545,55.3,2.56601225,1.4880545,Western
GNB,2009,Guinea-Bissau,0.444,NA,1895.574995,56.297,2.713433375,1.526377,Western
GNB,2010,Guinea-Bissau,0.452,NA,1967.777696,56.999,2.8608545,1.5663465,Western
GNB,2011,Guinea-Bissau,0.46,NA,2045.589669,57.663,3.008275625,1.6080765,Western
GNB,2012,Guinea-Bissau,0.462,NA,1930.735757,58.27,3.15569675,1.6514165,Western
GNB,2013,Guinea-Bissau,0.469,NA,1984.317648,58.879,3.303117875,1.695973,Western
GNB,2014,Guinea-Bissau,0.476,NA,2021.944039,59.476,3.450539,1.7411225,Western
GNB,2015,Guinea-Bissau,0.481,NA,2076.036371,60.071,3.4950382,1.7864565,Western
GNB,2016,Guinea-Bissau,0.486,NA,2115.050288,60.619,3.5395374,1.8318935,Western
GNB,2017,Guinea-Bissau,0.491,NA,2154.541126,61.148,3.5840366,1.8770715,Western
GNB,2018,Guinea-Bissau,0.493,NA,2089.237108,61.652,3.6285358,1.9221675,Western
GNB,2019,Guinea-Bissau,0.501,NA,2245.608062,62.161,3.673035,1.967696,Western
GNB,2020,Guinea-Bissau,0.498,NA,2225.272213,61.343,3.673035,2.013255,Western
GNB,2021,Guinea-Bissau,0.502,NA,2300.452296,61.653,3.673035,2.0588415,Western
GNB,2022,Guinea-Bissau,0.511,NA,2357.115622,63.605,3.673035,2.105529,Western
KEN,2023,Kenya,0.628,143,5608.296066,63.646,8.624710083,55.3390025,Eastern
KEN,1990,Kenya,0.485,NA,3988.766903,58.334,3.837998657,22.8926515,Eastern
KEN,1991,Kenya,0.485,NA,3901.547994,57.826,4.007200748,23.6465135,Eastern
KEN,1992,Kenya,0.484,NA,3761.253413,57.095,4.17640284,24.3824595,Eastern
KEN,1993,Kenya,0.483,NA,3589.916309,56.668,4.345604931,25.117188,Eastern
KEN,1994,Kenya,0.484,NA,3613.413857,56.101,4.514807022,25.85713,Eastern
KEN,1995,Kenya,0.488,NA,3725.168237,55.856,4.684009114,26.6017515,Eastern
KEN,1996,Kenya,0.491,NA,3836.531463,55.575,4.832576804,27.344211,Eastern
KEN,1997,Kenya,0.493,NA,3771.857984,55.478,4.981144494,28.1017675,Eastern
KEN,1998,Kenya,0.496,NA,3806.424954,55.568,5.129712184,28.8880575,Eastern
KEN,1999,Kenya,0.499,NA,3771.794149,55.866,5.278279874,29.7334075,Eastern
KEN,2000,Kenya,0.5,NA,3696.707594,56.084,5.426847564,30.64289,Eastern
KEN,2001,Kenya,0.505,NA,3718.87681,56.501,5.542400211,31.61917,Eastern
KEN,2002,Kenya,0.504,NA,3634.138306,56.759,5.657952859,32.6298085,Eastern
KEN,2003,Kenya,0.515,NA,3625.13319,57.369,5.773505507,33.652223,Eastern
KEN,2004,Kenya,0.526,NA,3706.186085,57.947,5.889058155,34.7134555,Eastern
KEN,2005,Kenya,0.532,NA,3839.032673,58.51,6.004610802,35.796484,Eastern
KEN,2006,Kenya,0.541,NA,3958.752987,59.059,6.080958087,36.904008,Eastern
KEN,2007,Kenya,0.548,NA,4099.627363,59.407,6.157305373,38.0363495,Eastern
KEN,2008,Kenya,0.553,NA,4001.99854,59.955,6.233652658,39.2063515,Eastern
KEN,2009,Kenya,0.553,NA,3499.854618,60.483,6.309999943,40.408891,Eastern
KEN,2010,Kenya,0.552,NA,3712.244273,60.915,5.820000172,41.5985665,Eastern
KEN,2011,Kenya,0.56,NA,3892.197178,61.283,6.06162903,42.758461,Eastern
KEN,2012,Kenya,0.565,NA,3931.847811,61.537,6.303257889,43.888303,Eastern
KEN,2013,Kenya,0.57,NA,3954.74131,61.729,6.544886748,44.9867905,Eastern
KEN,2014,Kenya,0.576,NA,4076.235098,61.99,6.786515607,46.0514405,Eastern
KEN,2015,Kenya,0.583,NA,4242.153969,62.279,7.028144466,47.088526,Eastern
KEN,2016,Kenya,0.594,NA,4730.48659,62.526,7.269773324,48.139687,Eastern
KEN,2017,Kenya,0.599,NA,4779.363119,62.725,7.511402183,49.1977655,Eastern
KEN,2018,Kenya,0.605,NA,4967.607336,62.825,7.753031042,50.2071075,Eastern
KEN,2019,Kenya,0.611,NA,5114.739117,62.939,7.994659901,51.2028275,Eastern
KEN,2020,Kenya,0.6,NA,4992.661089,61.596,7.686359882,52.2173335,Eastern
KEN,2021,Kenya,0.608,NA,5270.714551,61.225,8.155534983,53.2191655,Eastern
KEN,2022,Kenya,0.626,NA,5431.031162,63.549,8.624710083,54.2524605,Eastern
LSO,2023,Lesotho,0.55,167,3029.3857,57.375,7.729883486,2.311472,Southern
LSO,1990,Lesotho,0.483,NA,2454.663999,59.317,4.112594557,1.809696,Southern
LSO,1991,Lesotho,0.482,NA,2360.088006,59.061,4.195552473,1.8423785,Southern
LSO,1992,Lesotho,0.481,NA,2358.64337,58.638,4.278510389,1.8732745,Southern
LSO,1993,Lesotho,0.477,NA,2372.369497,58.06,4.361468305,1.901793,Southern
LSO,1994,Lesotho,0.478,NA,2348.603632,57.288,4.444426221,1.927707,Southern
LSO,1995,Lesotho,0.476,NA,2362.27769,56.368,4.527384137,1.9514365,Southern
LSO,1996,Lesotho,0.473,NA,2451.861023,55.136,4.622697487,1.9724185,Southern
LSO,1997,Lesotho,0.469,NA,2581.269137,53.733,4.718010837,1.9881305,Southern
LSO,1998,Lesotho,0.469,NA,2994.371997,52.029,4.813324188,1.998049,Southern
LSO,1999,Lesotho,0.462,NA,3019.047609,50.385,4.908637538,2.0032335,Southern
LSO,2000,Lesotho,0.462,NA,2962.404121,48.783,5.003950888,2.003913,Southern
LSO,2001,Lesotho,0.457,NA,2935.503357,47.153,5.212228209,2.000853,Southern
LSO,2002,Lesotho,0.455,NA,2974.538467,45.95,5.42050553,1.994679,Southern
LSO,2003,Lesotho,0.456,NA,3095.660581,44.921,5.628782851,1.9850585,Southern
LSO,2004,Lesotho,0.454,NA,3086.787168,44.039,5.837060172,1.971129,Southern
LSO,2005,Lesotho,0.454,NA,2975.387591,43.611,6.045337493,1.953076,Southern
LSO,2006,Lesotho,0.451,NA,2996.153346,43.182,5.829999924,1.9450625,Southern
LSO,2007,Lesotho,0.458,NA,3300.357812,43.66,5.684999943,1.9532685,Southern
LSO,2008,Lesotho,0.463,NA,3390.49403,44.304,5.5399999619999996,1.9665405,Southern
LSO,2009,Lesotho,0.468,NA,3197.669098,45.055,5.7045869829999996,1.980883,Southern
LSO,2010,Lesotho,0.478,NA,3281.064285,46.045,5.8691740039999996,1.996251,Southern
LSO,2011,Lesotho,0.485,NA,3197.476166,46.93,6.033761024,2.014009,Southern
LSO,2012,Lesotho,0.496,NA,3261.326893,48.235,6.198348045,2.0343545,Southern
LSO,2013,Lesotho,0.502,NA,3246.357503,49.547,6.362935066,2.056504,Southern
LSO,2014,Lesotho,0.509,NA,3187.027673,50.786,6.527522087,2.080089,Southern
LSO,2015,Lesotho,0.517,NA,3277.250667,51.83,6.692109108,2.1046115,Southern
LSO,2016,Lesotho,0.526,NA,3394.377531,52.908,6.856696129,2.130422,Southern
LSO,2017,Lesotho,0.531,NA,3233.487318,53.874,7.02128315,2.1571105,Southern
LSO,2018,Lesotho,0.538,NA,3326.079296,54.638,7.185870171,2.183603,Southern
LSO,2019,Lesotho,0.541,NA,3221.812522,55.249,7.362815087,2.2094055,Southern
LSO,2020,Lesotho,0.537,NA,2996.891901,55.133,7.544117095,2.2357265,Southern
LSO,2021,Lesotho,0.532,NA,2868.19633,54.209,7.729883486,2.261542,Southern
LSO,2022,Lesotho,0.547,NA,2968.982948,56.812,7.729883486,2.2861105,Southern
LBR,2023,Liberia,0.51,177,1537.85939,62.163,6.169891955,5.493031,Western
LBR,1999,Liberia,0.403,NA,1429.944782,50.412,3.451673898,2.8216835,Western
LBR,2000,Liberia,0.443,NA,1772.131997,51.852,3.525027062,2.9281165,Western
LBR,2001,Liberia,0.448,NA,1771.017298,53.109,3.590229875,3.0153375,Western
LBR,2002,Liberia,0.453,NA,1790.256815,54.061,3.655432688,3.0947815,Western
LBR,2003,Liberia,0.429,NA,1240.620398,53.045,3.7206355,3.1195325,Western
LBR,2004,Liberia,0.442,NA,1257.924936,55.949,3.785838313,3.1568915,Western
LBR,2005,Liberia,0.446,NA,1266.024807,56.765,3.851041126,3.3010145,Western
LBR,2006,Liberia,0.45,NA,1293.013384,57.495,3.914206351,3.4907865,Western
LBR,2007,Liberia,0.455,NA,1347.164595,58.147,3.977371575,3.6690495,Western
LBR,2008,Liberia,0.459,NA,1385.771191,58.675,4.0405368,3.8210035,Western
LBR,2009,Liberia,0.463,NA,1413.943022,59.106,4.103702025,3.9430275,Western
LBR,2010,Liberia,0.467,NA,1457.315742,59.358,4.16686725,4.05889,Western
LBR,2011,Liberia,0.471,NA,1516.036131,59.486,4.256521117,4.2211785,Western
LBR,2012,Liberia,0.475,NA,1580.308223,59.785,4.346174985,4.3730435,Western
LBR,2013,Liberia,0.481,NA,1680.516211,59.992,4.435828852,4.4702385,Western
LBR,2014,Liberia,0.479,NA,1657.821709,59.21,4.52548272,4.5642935,Western
LBR,2015,Liberia,0.48,NA,1624.117699,59.248,4.615136587,4.659431,Western
LBR,2016,Liberia,0.485,NA,1567.006323,60.483,4.755730152,4.755608,Western
LBR,2017,Liberia,0.491,NA,1575.176166,60.777,5.023723443,4.8489245,Western
LBR,2018,Liberia,0.495,NA,1563.180336,60.999,5.291716735,4.944726,Western
LBR,2019,Liberia,0.497,NA,1495.284288,61.232,5.559710026,5.0437205,Western
LBR,2020,Liberia,0.498,NA,1421.518889,61.267,5.856860094,5.1494635,Western
LBR,2021,Liberia,0.503,NA,1461.993542,61.166,6.169891955,5.259323,Western
LBR,2022,Liberia,0.508,NA,1500.713999,61.934,6.169891955,5.373294,Western
MDG,2023,Madagascar,0.487,183,1655.764683,63.632,4.592520237,31.1959325,Eastern
MDG,1999,Madagascar,0.436,NA,1674.794938,57.434,3.771085909,16.000506,Eastern
MDG,2000,Madagascar,0.443,NA,1702.764126,57.974,3.902890818,16.516338,Eastern
MDG,2001,Madagascar,0.451,NA,1754.597022,58.674,4.034695727,17.032939,Eastern
MDG,2002,Madagascar,0.448,NA,1492.659871,59.17,4.166500637,17.549913,Eastern
MDG,2003,Madagascar,0.458,NA,1591.951143,59.693,4.298305546,18.0718535,Eastern
MDG,2004,Madagascar,0.465,NA,1632.946706,60.168,4.430110455,18.606608,Eastern
MDG,2005,Madagascar,0.47,NA,1650.37856,60.664,4.475816863,19.1597065,Eastern
MDG,2006,Madagascar,0.474,NA,1685.456649,61.14,4.521523271,19.730909,Eastern
MDG,2007,Madagascar,0.482,NA,1753.907462,61.533,4.56722968,20.318583,Eastern
MDG,2008,Madagascar,0.49,NA,1819.120531,61.992,4.612936088,20.9238405,Eastern
MDG,2009,Madagascar,0.493,NA,1687.250736,62.304,4.658642496,21.5472795,Eastern
MDG,2010,Madagascar,0.493,NA,1644.374346,62.597,4.704348905,22.1833405,Eastern
MDG,2011,Madagascar,0.494,NA,1622.936868,62.86,4.750055313,22.8222995,Eastern
MDG,2012,Madagascar,0.496,NA,1602.55331,63.007,4.795761721,23.462438,Eastern
MDG,2013,Madagascar,0.497,NA,1592.415939,63.161,4.84146813,24.1092905,Eastern
MDG,2014,Madagascar,0.5,NA,1614.872159,63.261,4.887174538,24.764348,Eastern
MDG,2015,Madagascar,0.501,NA,1603.723461,63.362,4.932880947,25.4267025,Eastern
MDG,2016,Madagascar,0.501,NA,1619.491042,63.431,4.978587355,26.099952,Eastern
MDG,2017,Madagascar,0.505,NA,1657.998208,63.433,5.024293763,26.7883745,Eastern
MDG,2018,Madagascar,0.501,NA,1662.867607,63.491,5.070000172,27.494926,Eastern
MDG,2019,Madagascar,0.495,NA,1692.070223,63.504,4.910840193,28.219554,Eastern
MDG,2020,Madagascar,0.483,NA,1547.337284,62.706,4.751680215,28.9535565,Eastern
MDG,2021,Madagascar,0.481,NA,1612.993729,62.516,4.592520237,29.691083,Eastern
MDG,2022,Madagascar,0.483,NA,1625.426772,63.068,4.592520237,30.4372605,Eastern
MWI,2023,Malawi,0.517,172,1633.692615,67.353,5.243740082,21.1044825,Eastern
MWI,1990,Malawi,0.306,NA,1054.230802,43.575,2.278483217,9.545852,Eastern
MWI,1991,Malawi,0.31,NA,1112.232663,43.54,2.32684286,9.8442265,Eastern
MWI,1992,Malawi,0.318,NA,1001.752475,43.636,2.375202504,10.135079,Eastern
MWI,1993,Malawi,0.324,NA,1083.648532,43.648,2.423562148,10.284024,Eastern
MWI,1994,Malawi,0.325,NA,984.7229667,43.8,2.471921792,10.164894,Eastern
MWI,1995,Malawi,0.37,NA,1151.613142,43.804,2.520281436,10.150117,Eastern
MWI,1996,Malawi,0.375,NA,1212.174232,44.005,2.58352097,10.3522275,Eastern
MWI,1997,Malawi,0.379,NA,1233.951884,44.2,2.646760504,10.562035,Eastern
MWI,1998,Malawi,0.384,NA,1255.764433,44.3,2.710000038,10.792876,Eastern
MWI,1999,Malawi,0.392,NA,1265.492374,45.06,2.861965909,11.047804,Eastern
MWI,2000,Malawi,0.394,NA,1256.198111,46.17,3.013931779,11.315942,Eastern
MWI,2001,Malawi,0.4,NA,1165.732836,47.205,3.16589765,11.5930585,Eastern
MWI,2002,Malawi,0.407,NA,1156.810164,48.176,3.31786352,11.88044,Eastern
MWI,2003,Malawi,0.414,NA,1192.114983,49.601,3.469829391,12.181574,Eastern
MWI,2004,Malawi,0.421,NA,1223.989407,51.073,3.621795262,12.500737,Eastern
MWI,2005,Malawi,0.427,NA,1229.879876,52.469,3.773761132,12.8400315,Eastern
MWI,2006,Malawi,0.436,NA,1252.085863,53.652,3.925727003,13.1987005,Eastern
MWI,2007,Malawi,0.444,NA,1333.934997,54.687,4.077692873,13.576343,Eastern
MWI,2008,Malawi,0.455,NA,1395.11779,55.715,4.229658744,13.9764175,Eastern
MWI,2009,Malawi,0.465,NA,1468.022277,56.714,4.381624614,14.395788,Eastern
MWI,2010,Malawi,0.475,NA,1524.218849,57.787,4.533590485,14.826463,Eastern
MWI,2011,Malawi,0.483,NA,1554.242049,58.859,4.685556356,15.2650225,Eastern
MWI,2012,Malawi,0.488,NA,1539.540657,59.87,4.837522226,15.709577,Eastern
MWI,2013,Malawi,0.494,NA,1577.919347,60.816,4.989488097,16.1618155,Eastern
MWI,2014,Malawi,0.5,NA,1620.84308,61.651,5.141453967,16.621538,Eastern
MWI,2015,Malawi,0.504,NA,1620.882029,62.324,5.293419838,17.085587,Eastern
MWI,2016,Malawi,0.506,NA,1616.858284,63.163,5.283483887,17.557739,Eastern
MWI,2017,Malawi,0.508,NA,1636.812879,63.914,5.273547935,18.039715,Eastern
MWI,2018,Malawi,0.51,NA,1663.4192,64.464,5.263611984,18.528081,Eastern
MWI,2019,Malawi,0.513,NA,1707.612407,64.995,5.253676033,19.025752,Eastern
MWI,2020,Malawi,0.512,NA,1675.994259,65.216,5.243740082,19.5338875,Eastern
MWI,2021,Malawi,0.509,NA,1677.718302,64.782,5.243740082,20.047258,Eastern
MWI,2022,Malawi,0.513,NA,1650.42933,66.037,5.243740082,20.568728,Eastern
MLI,2023,Mali,0.419,188,2341.588118,60.439,1.629999995,23.7691275,Western
MLI,1990,Mali,0.24,NA,1507.770989,46.541,0.844299708,9.17883,Western
MLI,1991,Mali,0.247,NA,1660.416651,46.889,0.881824139,9.3628885,Western
MLI,1992,Mali,0.251,NA,1572.315257,47.238,0.919348571,9.5535405,Western
MLI,1993,Mali,0.259,NA,1594.072754,47.586,0.956873002,9.754786,Western
MLI,1994,Mali,0.266,NA,1600.969141,47.914,0.994397434,9.9670315,Western
MLI,1995,Mali,0.273,NA,1571.060174,48.292,1.031921865,10.1853655,Western
MLI,1996,Mali,0.282,NA,1646.077606,48.5,1.062410466,10.407278,Western
MLI,1997,Mali,0.293,NA,1684.349489,49.086,1.092899066,10.646495,Western
MLI,1998,Mali,0.303,NA,1769.861056,49.592,1.123387667,10.919573,Western
MLI,1999,Mali,0.314,NA,1829.699256,50.06,1.153876267,11.2274145,Western
MLI,2000,Mali,0.32,NA,1781.488163,50.605,1.184364868,11.5592905,Western
MLI,2001,Mali,0.332,NA,1919.602131,51.3,1.219544022,11.912158,Western
MLI,2002,Mali,0.34,NA,1892.195471,51.995,1.254723177,12.28805,Western
MLI,2003,Mali,0.352,NA,2056.857266,52.632,1.289902331,12.684955,Western
MLI,2004,Mali,0.359,NA,2022.908857,53.253,1.325081486,13.102409,Western
MLI,2005,Mali,0.368,NA,2086.524096,53.792,1.36026064,13.5386475,Western
MLI,2006,Mali,0.377,NA,2100.735776,54.305,1.440000057,13.9901395,Western
MLI,2007,Mali,0.386,NA,2105.457494,54.756,1.556000042,14.4577755,Western
MLI,2008,Mali,0.395,NA,2145.03472,55.187,1.672000027,14.9407825,Western
MLI,2009,Mali,0.403,NA,2139.729566,55.588,1.788000011,15.4355385,Western
MLI,2010,Mali,0.41,NA,2195.385015,55.993,1.903999996,15.945198,Western
MLI,2011,Mali,0.415,NA,2199.460515,56.367,2.0199999809999998,16.4690485,Western
MLI,2012,Mali,0.411,NA,2113.190306,56.696,1.972499996,16.9570325,Western
MLI,2013,Mali,0.409,NA,2113.539335,57.052,1.925000012,17.459615,Western
MLI,2014,Mali,0.414,NA,2206.999219,57.482,1.877500027,18.0202665,Western
MLI,2015,Mali,0.413,NA,2280.511244,57.852,1.830000043,18.593022,Western
MLI,2016,Mali,0.411,NA,2326.091323,58.286,1.529999971,19.1912895,Western
MLI,2017,Mali,0.416,NA,2360.42278,58.562,1.699999988,19.8130105,Western
MLI,2018,Mali,0.421,NA,2404.188118,58.873,1.870000005,20.4420295,Western
MLI,2019,Mali,0.425,NA,2414.448931,59.217,2.041840076,21.0684045,Western
MLI,2020,Mali,0.414,NA,2300.163569,58.858,1.629999995,21.7138355,Western
MLI,2021,Mali,0.414,NA,2288.84912,59.116,1.629999995,22.3886305,Western
MLI,2022,Mali,0.417,NA,2309.346342,60.035,1.629999995,23.07264,Western
MRT,2023,Mauritania,0.563,163,6267.470808,68.484,4.852025862,5.0224415,Western
MRT,1990,Mauritania,0.396,NA,5197.81783,58.087,2.266610354,1.951878,Western
MRT,1991,Mauritania,0.401,NA,5190.71201,58.291,2.343858061,2.009738,Western
MRT,1992,Mauritania,0.409,NA,5098.432576,58.568,2.421105768,2.0881355,Western
MRT,1993,Mauritania,0.421,NA,5153.182936,58.733,2.498353475,2.174328,Western
MRT,1994,Mauritania,0.432,NA,4817.304801,58.763,2.575601182,2.2494535,Western
MRT,1995,Mauritania,0.439,NA,5146.982442,58.861,2.652848889,2.312017,Western
MRT,1996,Mauritania,0.448,NA,5557.609175,58.915,2.726030928,2.358188,Western
MRT,1997,Mauritania,0.45,NA,5200.56788,59.417,2.799212966,2.411306,Western
MRT,1998,Mauritania,0.46,NA,5229.575823,59.89,2.872395004,2.4746505,Western
MRT,1999,Mauritania,0.467,NA,5286.543132,60.443,2.945577043,2.541698,Western
MRT,2000,Mauritania,0.468,NA,4908.392012,61.044,3.018759081,2.6134415,Western
MRT,2001,Mauritania,0.47,NA,4644.375054,61.662,3.096006788,2.6787595,Western
MRT,2002,Mauritania,0.475,NA,4814.512118,62.249,3.173254495,2.7386545,Western
MRT,2003,Mauritania,0.482,NA,5029.344608,62.805,3.250502202,2.802046,Western
MRT,2004,Mauritania,0.494,NA,5150.967319,63.369,3.327749909,2.8686635,Western
MRT,2005,Mauritania,0.5,NA,5445.785458,63.92,3.404997617,2.9390585,Western
MRT,2006,Mauritania,0.512,NA,6054.93988,64.493,3.490376661,3.01366,Western
MRT,2007,Mauritania,0.512,NA,5828.394556,64.885,3.575755706,3.0930595,Western
MRT,2008,Mauritania,0.512,NA,5720.05033,65.233,3.661134751,3.1832685,Western
MRT,2009,Mauritania,0.522,NA,5656.910398,65.485,3.746513795,3.2844485,Western
MRT,2010,Mauritania,0.525,NA,5504.644998,65.661,3.83189284,3.3909645,Western
MRT,2011,Mauritania,0.53,NA,5482.518873,65.754,3.957928573,3.5028115,Western
MRT,2012,Mauritania,0.538,NA,5521.939262,65.808,4.083964305,3.619034,Western
MRT,2013,Mauritania,0.544,NA,5597.17775,65.89,4.2100000380000004,3.7343185,Western
MRT,2014,Mauritania,0.547,NA,5643.229969,66.207,4.213114977,3.8485135,Western
MRT,2015,Mauritania,0.551,NA,5854.390616,66.498,4.216229916,3.9659585,Western
MRT,2016,Mauritania,0.548,NA,5826.159796,66.823,4.323796601,4.0866565,Western
MRT,2017,Mauritania,0.551,NA,6057.295491,67.088,4.431363287,4.2105995,Western
MRT,2018,Mauritania,0.561,NA,6237.843638,67.419,4.538929973,4.337685,Western
MRT,2019,Mauritania,0.566,NA,6213.407941,67.64,4.646496659,4.467708,Western
MRT,2020,Mauritania,0.554,NA,6021.526339,66.794,4.754063344,4.600131,Western
MRT,2021,Mauritania,0.553,NA,5893.292532,66.762,4.852025862,4.7348745,Western
MRT,2022,Mauritania,0.562,NA,6186.125184,68.281,4.852025862,4.8756375,Western
MUS,2023,Mauritius,0.806,73,27279.96011,74.926,10.10332754,1.273588,Eastern
MUS,1990,Mauritius,0.627,NA,9047.537779,69.771,5.860000134,1.0890235,Eastern
MUS,1991,Mauritius,0.632,NA,9393.242123,70.051,5.904000139,1.103041,Eastern
MUS,1992,Mauritius,0.637,NA,9859.208531,70.213,5.948000145,1.11767,Eastern
MUS,1993,Mauritius,0.641,NA,10197.23947,70.365,5.992000151,1.1323935,Eastern
MUS,1994,Mauritius,0.645,NA,10414.21756,70.42,6.036000156,1.146548,Eastern
MUS,1995,Mauritius,0.65,NA,10773.49598,70.6,6.080000162,1.1598205,Eastern
MUS,1996,Mauritius,0.653,NA,11146.63427,70.524,6.124000168,1.172383,Eastern
MUS,1997,Mauritius,0.659,NA,11742.88367,70.684,6.168000174,1.1842985,Eastern
MUS,1998,Mauritius,0.667,NA,12316.79159,70.894,6.212000179,1.1951055,Eastern
MUS,1999,Mauritius,0.675,NA,12536.16574,71.39,6.256000185,1.2058915,Eastern
MUS,2000,Mauritius,0.683,NA,13421.89643,71.76,6.300000191,1.2166285,Eastern
MUS,2001,Mauritius,0.697,NA,13904.60166,71.985,6.501818397,1.225801,Eastern
MUS,2002,Mauritius,0.701,NA,14038.21322,72.055,6.703636603,1.2340855,Eastern
MUS,2003,Mauritius,0.709,NA,14609.42155,72.307,6.905454809,1.2420985,Eastern
MUS,2004,Mauritius,0.716,NA,15220.12553,72.546,7.107273015,1.2497995,Eastern
MUS,2005,Mauritius,0.723,NA,15392.27597,72.644,7.309091221,1.257215,Eastern
MUS,2006,Mauritius,0.729,NA,16235.66226,72.781,7.510909427,1.2637805,Eastern
MUS,2007,Mauritius,0.736,NA,17463.75893,72.886,7.712727633,1.2695185,Eastern
MUS,2008,Mauritius,0.742,NA,18096.90031,73.124,7.914545839,1.274635,Eastern
MUS,2009,Mauritius,0.748,NA,18293.13754,73.26,8.116364046,1.278972,Eastern
MUS,2010,Mauritius,0.755,NA,18863.2104,73.647,8.318182252,1.2827095,Eastern
MUS,2011,Mauritius,0.762,NA,19215.81234,74.068,8.520000458,1.286267,Eastern
MUS,2012,Mauritius,0.778,NA,20956.32274,74.33,8.748793246,1.28917,Eastern
MUS,2013,Mauritius,0.781,NA,21450.8813,74.43,8.977586034,1.2909835,Eastern
MUS,2014,Mauritius,0.79,NA,22257.44889,74.614,9.206378822,1.2920045,Eastern
MUS,2015,Mauritius,0.792,NA,23152.34713,74.673,9.43517161,1.2922755,Eastern
MUS,2016,Mauritius,0.795,NA,23643.26166,74.85,9.546530931,1.2918035,Eastern
MUS,2017,Mauritius,0.799,NA,24725.53305,75.024,9.657890253,1.290655,Eastern
MUS,2018,Mauritius,0.801,NA,26297.58266,74.491,9.769249574,1.2888335,Eastern
MUS,2019,Mauritius,0.803,NA,27055.74232,74.181,9.880608896,1.28627,Eastern
MUS,2020,Mauritius,0.795,NA,23052.90722,74.657,9.991968217,1.283223,Eastern
MUS,2021,Mauritius,0.789,NA,23969.8383,72.903,10.10332754,1.2796235,Eastern
MUS,2022,Mauritius,0.794,NA,24758.86831,73.544,10.10332754,1.2761295,Eastern
MOZ,2023,Mozambique,0.493,182,1355.767076,63.611,4.590489864,33.63516,Eastern
MOZ,1990,Mozambique,0.246,NA,513.7723598,44.337,1.599835197,13.0945365,Eastern
MOZ,1991,Mozambique,0.25,NA,539.1100797,44.705,1.588270123,13.3520895,Eastern
MOZ,1992,Mozambique,0.245,NA,479.8863803,45.095,1.576705049,13.6133155,Eastern
MOZ,1993,Mozambique,0.252,NA,519.6374591,45.675,1.565139976,14.051192,Eastern
MOZ,1994,Mozambique,0.255,NA,526.3500822,46.086,1.553574902,15.0338525,Eastern
MOZ,1995,Mozambique,0.257,NA,519.6862351,46.546,1.542009828,15.9605295,Eastern
MOZ,1996,Mozambique,0.269,NA,564.5897285,47.121,1.584415098,16.49248,Eastern
MOZ,1997,Mozambique,0.281,NA,617.5897075,47.8,1.626820369,16.949982,Eastern
MOZ,1998,Mozambique,0.292,NA,661.3612534,48.212,1.669225639,17.3404635,Eastern
MOZ,1999,Mozambique,0.304,NA,724.3451834,48.837,1.711630909,17.7345065,Eastern
MOZ,2000,Mozambique,0.311,NA,703.2134241,49.476,1.754036179,18.1296525,Eastern
MOZ,2001,Mozambique,0.326,NA,769.5328798,50.259,1.831136671,18.537729,Eastern
MOZ,2002,Mozambique,0.335,NA,770.5358936,50.879,1.908237162,18.958338,Eastern
MOZ,2003,Mozambique,0.35,NA,871.072855,51.383,1.985337654,19.392475,Eastern
MOZ,2004,Mozambique,0.36,NA,921.8447419,51.855,2.062438145,19.840313,Eastern
MOZ,2005,Mozambique,0.371,NA,936.150437,52.322,2.139538637,20.304569,Eastern
MOZ,2006,Mozambique,0.379,NA,975.5694796,52.748,2.189653956,20.7870865,Eastern
MOZ,2007,Mozambique,0.392,NA,1035.715252,53.255,2.239769275,21.287635,Eastern
MOZ,2008,Mozambique,0.403,NA,1082.451325,53.799,2.289884595,21.819036,Eastern
MOZ,2009,Mozambique,0.411,NA,1149.258701,54.4,2.339999914,22.3917445,Eastern
MOZ,2010,Mozambique,0.419,NA,1182.786142,55.04,2.4799999,22.999235,Eastern
MOZ,2011,Mozambique,0.424,NA,1248.433239,55.733,2.619999886,23.649039,Eastern
MOZ,2012,Mozambique,0.431,NA,1324.918605,56.46,2.762499928,24.3378465,Eastern
MOZ,2013,Mozambique,0.443,NA,1370.842557,57.189,2.904999971,25.051611,Eastern
MOZ,2014,Mozambique,0.45,NA,1420.629597,57.965,3.047500014,25.788475,Eastern
MOZ,2015,Mozambique,0.457,NA,1468.571926,58.711,3.1900000570000002,26.5475725,Eastern
MOZ,2016,Mozambique,0.46,NA,1489.091278,59.455,3.125,27.3371045,Eastern
MOZ,2017,Mozambique,0.461,NA,1466.024223,60.148,3.0599999429999998,28.1663935,Eastern
MOZ,2018,Mozambique,0.469,NA,1488.110134,60.79,3.326666594,29.0186445,Eastern
MOZ,2019,Mozambique,0.475,NA,1482.565613,61.306,3.593333244,29.88438,Eastern
MOZ,2020,Mozambique,0.477,NA,1419.162081,61.39,3.859999895,30.783688,Eastern
MOZ,2021,Mozambique,0.478,NA,1410.180735,60.268,4.22524488,31.7078,Eastern
MOZ,2022,Mozambique,0.49,NA,1336.43212,63.011,4.590489864,32.656246,Eastern
NAM,2023,Namibia,0.665,136,10916.60872,67.385,7.273146745,2.963095,Southern
NAM,1990,Namibia,0.597,NA,7420.123395,61.359,5.701014186,1.3693025,Southern
NAM,1991,Namibia,0.602,NA,7883.936345,60.833,5.7100000380000004,1.4156835,Southern
NAM,1992,Namibia,0.603,NA,7998.800819,60.16,5.719000053,1.461322,Southern
NAM,1993,Namibia,0.601,NA,7603.228913,59.26,5.728000069,1.5086975,Southern
NAM,1994,Namibia,0.6,NA,7485.933162,58.441,5.737000084,1.556304,Southern
NAM,1995,Namibia,0.595,NA,7709.62457,57.518,5.746000099,1.6021705,Southern
NAM,1996,Namibia,0.587,NA,7589.696912,56.639,5.7550001140000004,1.6461035,Southern
NAM,1997,Namibia,0.58,NA,7682.446315,55.844,5.76400013,1.6892635,Southern
NAM,1998,Namibia,0.574,NA,7789.935552,54.767,5.773000145,1.7327445,Southern
NAM,1999,Namibia,0.565,NA,7664.812473,53.983,5.78200016,1.776368,Southern
NAM,2000,Namibia,0.561,NA,7914.440755,52.946,5.791000175,1.818647,Southern
NAM,2001,Namibia,0.555,NA,7786.079576,51.98,5.800000191,1.857048,Southern
NAM,2002,Namibia,0.555,NA,8150.440524,51.988,5.880241414,1.8899705,Southern
NAM,2003,Namibia,0.558,NA,8626.823137,51.918,5.960482637,1.9174635,Southern
NAM,2004,Namibia,0.563,NA,9269.703618,52.175,6.04072386,1.942082,Southern
NAM,2005,Namibia,0.564,NA,9148.58629,52.557,6.120965082,1.9665815,Southern
NAM,2006,Namibia,0.569,NA,9744.973126,53.183,6.176516698,1.9918875,Southern
NAM,2007,Namibia,0.576,NA,9937.016144,54.026,6.232068314,2.0186,Southern
NAM,2008,Namibia,0.581,NA,10069.43571,54.74,6.28761993,2.047056,Southern
NAM,2009,Namibia,0.585,NA,9930.604965,55.347,6.343171546,2.0773935,Southern
NAM,2010,Namibia,0.591,NA,10159.76121,56.093,6.398723162,2.1098105,Southern
NAM,2011,Namibia,0.598,NA,10627.31409,56.647,6.515998795,2.146325,Southern
NAM,2012,Namibia,0.607,NA,10999.1488,57.733,6.633274429,2.194654,Southern
NAM,2013,Namibia,0.616,NA,11848.62524,58.468,6.750550062,2.2525075,Southern
NAM,2014,Namibia,0.624,NA,12315.57228,59.311,6.867825696,2.3121385,Southern
NAM,2015,Namibia,0.63,NA,12668.90764,60.008,6.985101329,2.3742995,Southern
NAM,2016,Namibia,0.634,NA,12215.98399,60.81,7.036538011,2.439213,Southern
NAM,2017,Namibia,0.638,NA,11892.70968,61.661,7.087974692,2.506853,Southern
NAM,2018,Namibia,0.642,NA,11574.14456,62.579,7.139411373,2.5773265,Southern
NAM,2019,Namibia,0.647,NA,11436.22938,63.546,7.190848055,2.6504945,Southern
NAM,2020,Namibia,0.647,NA,10563.17713,64.071,7.242284736,2.7287615,Southern
NAM,2021,Namibia,0.631,NA,10377.85224,60.85,7.273146745,2.8105475,Southern
NAM,2022,Namibia,0.649,NA,10742.56352,64.19,7.273146745,2.8896625,Southern
NER,2023,Niger,0.419,188,1590.18796,61.183,1.412289341,26.159867,Western
NER,1990,Niger,0.215,NA,1230.513183,41.732,0.728185322,8.2860595,Western
NER,1991,Niger,0.219,NA,1218.570314,42.289,0.768288282,8.5469005,Western
NER,1992,Niger,0.222,NA,1174.46618,43.064,0.808391241,8.8176335,Western
NER,1993,Niger,0.228,NA,1158.173212,43.838,0.848494201,9.100789,Western
NER,1994,Niger,0.233,NA,1138.577676,44.586,0.888597161,9.3982585,Western
NER,1995,Niger,0.238,NA,1129.149231,45.504,0.928700121,9.7145285,Western
NER,1996,Niger,0.245,NA,1161.421629,46.313,0.975135127,10.0448515,Western
NER,1997,Niger,0.25,NA,1126.943591,47.097,1.021570133,10.3839695,Western
NER,1998,Niger,0.258,NA,1233.852718,47.807,1.068005139,10.7414125,Western
NER,1999,Niger,0.263,NA,1206.442131,48.48,1.114440145,11.117411,Western
NER,2000,Niger,0.266,NA,1135.317821,49.172,1.160875151,11.50963,Western
NER,2001,Niger,0.272,NA,1180.538581,49.872,1.203088793,11.9206475,Western
NER,2002,Niger,0.278,NA,1195.696943,50.645,1.245302434,12.349144,Western
NER,2003,Niger,0.284,NA,1194.756341,51.545,1.287516076,12.796984,Western
NER,2004,Niger,0.292,NA,1149.348448,52.402,1.329729718,13.2658365,Western
NER,2005,Niger,0.302,NA,1192.57921,53.32,1.37194336,13.7561915,Western
NER,2006,Niger,0.309,NA,1210.650057,54.223,1.403603591,14.268581,Western
NER,2007,Niger,0.313,NA,1159.114314,55.063,1.435263823,14.8036095,Western
NER,2008,Niger,0.323,NA,1228.88122,55.852,1.466924054,15.3619145,Western
NER,2009,Niger,0.329,NA,1193.770037,56.487,1.498584286,15.9436755,Western
NER,2010,Niger,0.339,NA,1249.32723,57.08,1.530244517,16.5488345,Western
NER,2011,Niger,0.346,NA,1237.660712,57.6,1.585122251,17.176283,Western
NER,2012,Niger,0.356,NA,1345.67701,57.987,1.639999986,17.8367695,Western
NER,2013,Niger,0.362,NA,1352.772757,58.364,1.574318329,18.5198985,Western
NER,2014,Niger,0.369,NA,1409.291078,58.693,1.508636673,19.215909,Western
NER,2015,Niger,0.374,NA,1405.992738,58.85,1.442955017,19.939498,Western
NER,2016,Niger,0.38,NA,1432.585335,59.228,1.377273361,20.6857535,Western
NER,2017,Niger,0.384,NA,1450.8181,59.524,1.311591705,21.4354465,Western
NER,2018,Niger,0.391,NA,1509.669233,59.765,1.245910048,22.188069,Western
NER,2019,Niger,0.4,NA,1550.194408,60.031,1.293631241,22.9477575,Western
NER,2020,Niger,0.404,NA,1500.511021,59.89,1.341352433,23.7176135,Western
NER,2021,Niger,0.413,NA,1566.662039,59.542,1.412289341,24.50214,Western
NER,2022,Niger,0.414,NA,1517.979423,60.398,1.412289341,25.311973,Western
NGA,2023,Nigeria,0.56,164,5569.374975,54.462,7.585969925,227.882945,Western
NGA,1990,Nigeria,0.379,NA,3621.796844,45.733,2.751935383,97.120925,Western
NGA,1991,Nigeria,0.383,NA,3579.831366,45.483,2.92814402,99.7201615,Western
NGA,1992,Nigeria,0.388,NA,3484.385889,45.587,3.104352656,102.3727705,Western
NGA,1993,Nigeria,0.393,NA,3370.403895,45.783,3.280561292,105.1220695,Western
NGA,1994,Nigeria,0.397,NA,3341.800271,45.748,3.456769929,107.935714,Western
NGA,1995,Nigeria,0.402,NA,3282.587935,45.87,3.632978565,110.819428,Western
NGA,1996,Nigeria,0.408,NA,3332.064139,45.833,3.809187201,113.7547785,Western
NGA,1997,Nigeria,0.413,NA,3341.798161,45.96,3.985395838,116.7547915,Western
NGA,1998,Nigeria,0.419,NA,3339.630897,46.148,4.161604474,119.8462545,Western
NGA,1999,Nigeria,0.425,NA,3239.152703,46.609,4.33781311,123.04732,Western
NGA,2000,Nigeria,0.435,NA,3294.846825,47.143,4.514021747,126.382494,Western
NGA,2001,Nigeria,0.438,NA,3420.931305,47.549,4.690230383,129.8625945,Western
NGA,2002,Nigeria,0.451,NA,3906.947247,48.02,4.866439019,133.4719885,Western
NGA,2003,Nigeria,0.464,NA,4102.668394,48.618,5.042647656,137.2026445,Western
NGA,2004,Nigeria,0.477,NA,4410.84659,49.148,5.265448095,141.057045,Western
NGA,2005,Nigeria,0.484,NA,4559.310444,49.538,5.488248534,145.0172535,Western
NGA,2006,Nigeria,0.489,NA,4815.042134,49.876,5.711048974,149.0773335,Western
NGA,2007,Nigeria,0.492,NA,4717.847165,50.381,5.933849413,153.267261,Western
NGA,2008,Nigeria,0.497,NA,4889.291892,50.748,6.156649852,157.595014,Western
NGA,2009,Nigeria,0.499,NA,5067.161165,51.08,6.194740673,162.049464,Western
NGA,2010,Nigeria,0.502,NA,5479.053858,51.315,6.232831494,166.6428855,Western
NGA,2011,Nigeria,0.508,NA,5594.101679,51.49,6.270922315,171.3795975,Western
NGA,2012,Nigeria,0.512,NA,5709.850449,51.688,6.309013136,176.2006245,Western
NGA,2013,Nigeria,0.517,NA,5849.69181,51.827,6.347103957,181.049443,Western
NGA,2014,Nigeria,0.524,NA,6143.713084,51.94,6.563105983,185.896915,Western
NGA,2015,Nigeria,0.53,NA,6228.151495,51.939,6.779108009,190.671878,Western
NGA,2016,Nigeria,0.532,NA,5767.201072,52.189,6.995110035,195.4437,Western
NGA,2017,Nigeria,0.534,NA,5627.809051,52.397,6.957065105,200.2545785,Western
NGA,2018,Nigeria,0.537,NA,5573.700884,52.669,6.919020176,204.9387545,Western
NGA,2019,Nigeria,0.544,NA,5620.702203,53.009,7.191969872,209.485641,Western
NGA,2020,Nigeria,0.547,NA,5480.202972,53.072,7.388969898,213.996181,Western
NGA,2021,Nigeria,0.554,NA,5514.173588,53.455,7.585969925,218.5292865,Western
NGA,2022,Nigeria,0.557,NA,5537.746297,54.079,7.585969925,223.1508955,Western
RWA,2023,Rwanda,0.578,159,2970.559461,67.785,4.8800001140000004,13.9544715,Eastern
RWA,1995,Rwanda,0.294,NA,931.2506167,41.518,2.131716407,5.674118,Eastern
RWA,1996,Rwanda,0.297,NA,878.8757323,42.486,2.19664178,6.708764,Eastern
RWA,1997,Rwanda,0.295,NA,876.9395098,41.978,2.261567153,7.755238,Eastern
RWA,1998,Rwanda,0.304,NA,924.1940903,43.099,2.326492526,8.0816805,Eastern
RWA,1999,Rwanda,0.317,NA,955.9488815,45.749,2.391417898,8.1479115,Eastern
RWA,2000,Rwanda,0.34,NA,1020.810249,47.798,2.456343271,8.2139305,Eastern
RWA,2001,Rwanda,0.37,NA,1087.940652,49.49,2.573208942,8.2870945,Eastern
RWA,2002,Rwanda,0.385,NA,1211.781347,51.262,2.690074613,8.40018,Eastern
RWA,2003,Rwanda,0.398,NA,1205.109842,53.529,2.806940284,8.586875,Eastern
RWA,2004,Rwanda,0.417,NA,1261.941055,55.52,2.923805955,8.8168435,Eastern
RWA,2005,Rwanda,0.433,NA,1350.722092,56.968,3.040671626,9.054528,Eastern
RWA,2006,Rwanda,0.452,NA,1436.608621,58.342,3.185671626,9.299246,Eastern
RWA,2007,Rwanda,0.467,NA,1512.151372,59.504,3.330671625,9.5499335,Eastern
RWA,2008,Rwanda,0.479,NA,1632.328681,60.641,3.475671624,9.8042685,Eastern
RWA,2009,Rwanda,0.493,NA,1690.045417,61.813,3.620671623,10.0604315,Eastern
RWA,2010,Rwanda,0.504,NA,1764.192941,62.804,3.765671623,10.3175535,Eastern
RWA,2011,Rwanda,0.512,NA,1856.229529,63.476,3.767835802,10.573733,Eastern
RWA,2012,Rwanda,0.521,NA,1957.881005,64.189,3.7699999809999998,10.829901,Eastern
RWA,2013,Rwanda,0.499,NA,1995.222129,64.651,3.914999962,11.09334,Eastern
RWA,2014,Rwanda,0.525,NA,2055.55568,65.088,4.059999943,11.364757000000001,Eastern
RWA,2015,Rwanda,0.525,NA,2193.082988,65.419,4.095149994,11.640022,Eastern
RWA,2016,Rwanda,0.534,NA,2248.724926,65.733,4.173433304,11.919183,Eastern
RWA,2017,Rwanda,0.539,NA,2269.245196,66.14,4.251716614,12.2020605,Eastern
RWA,2018,Rwanda,0.54,NA,2393.14281,66.354,4.329999924,12.487996,Eastern
RWA,2019,Rwanda,0.55,NA,2563.906807,66.691,4.604155064,12.776103,Eastern
RWA,2020,Rwanda,0.555,NA,2444.649595,66.953,4.878310204,13.065837,Eastern
RWA,2021,Rwanda,0.562,NA,2654.115973,66.85,4.879155159,13.35526,Eastern
RWA,2022,Rwanda,0.57,NA,2804.166731,67.528,4.8800001140000004,13.65103,Eastern
STP,2023,Sao Tome and Principe,0.637,141,5583.423335,69.718,5.987559175,0.2308715,Middle
STP,2005,Sao Tome and Principe,0.535,NA,3845.403535,62.434,4.927902454,0.1616395,Middle
STP,2006,Sao Tome and Principe,0.546,NA,4286.425842,63.041,4.988757723,0.165638,Middle
STP,2007,Sao Tome and Principe,0.552,NA,4354.292242,63.336,5.050364501,0.1696995,Middle
STP,2008,Sao Tome and Principe,0.557,NA,4461.155307,63.448,5.112732068,0.173793,Middle
STP,2009,Sao Tome and Principe,0.561,NA,4460.040035,63.669,5.175869821,0.1778535,Middle
STP,2010,Sao Tome and Principe,0.564,NA,4652.001107,63.867,5.239787269,0.181802,Middle
STP,2011,Sao Tome and Principe,0.569,NA,4755.958309,64.122,5.304494041,0.1856495,Middle
STP,2012,Sao Tome and Principe,0.574,NA,4730.188981,64.505,5.3699998859999996,0.189439,Middle
STP,2013,Sao Tome and Principe,0.585,NA,4996.426938,64.93,5.43797275,0.1931475,Middle
STP,2014,Sao Tome and Principe,0.596,NA,5267.207882,65.478,5.505945614,0.196767,Middle
STP,2015,Sao Tome and Principe,0.608,NA,5271.187839,66.023,5.573918479,0.200291,Middle
STP,2016,Sao Tome and Principe,0.613,NA,5431.614931,66.563,5.641891343,0.2036885,Middle
STP,2017,Sao Tome and Principe,0.617,NA,5518.049862,67.074,5.709864208,0.2069705,Middle
STP,2018,Sao Tome and Principe,0.621,NA,5611.809062,67.602,5.777837072,0.210187,Middle
STP,2019,Sao Tome and Principe,0.625,NA,5625.179042,68.043,5.845809937,0.213392,Middle
STP,2020,Sao Tome and Principe,0.628,NA,5771.726348,67.979,5.916260045,0.2174345,Middle
STP,2021,Sao Tome and Principe,0.631,NA,5732.939846,68.026,5.987559175,0.221961,Middle
STP,2022,Sao Tome and Principe,0.636,NA,5673.382688,69.237,5.987559175,0.226305,Middle
SEN,2023,Senegal,0.53,169,4202.030729,68.683,2.934554012,18.0775735,Western
SEN,1990,Senegal,0.377,NA,2924.659799,56.674,1.99764146,7.720523,Western
SEN,1991,Senegal,0.379,NA,2916.5484,57.037,1.972216932,7.943085,Western
SEN,1992,Senegal,0.381,NA,2899.862815,57.287,1.946792405,8.168395,Western
SEN,1993,Senegal,0.382,NA,2835.335562,57.348,1.921367877,8.3962875,Western
SEN,1994,Senegal,0.382,NA,2760.917977,57.479,1.895943349,8.624078,Western
SEN,1995,Senegal,0.384,NA,2845.45158,57.336,1.870518822,8.848101,Western
SEN,1996,Senegal,0.385,NA,2868.642549,57.129,1.839646181,9.067014,Western
SEN,1997,Senegal,0.386,NA,2884.494906,57.107,1.80877354,9.283495,Western
SEN,1998,Senegal,0.389,NA,2995.101235,57.076,1.777900899,9.502952,Western
SEN,1999,Senegal,0.392,NA,3092.535846,57.315,1.747028259,9.730887,Western
SEN,2000,Senegal,0.398,NA,3136.47063,57.615,1.716155618,9.96826,Western
SEN,2001,Senegal,0.404,NA,3202.342501,58.158,1.648962223,10.212942,Western
SEN,2002,Senegal,0.409,NA,3121.237096,58.912,1.581768829,10.466214,Western
SEN,2003,Senegal,0.416,NA,3226.590419,59.474,1.514575434,10.721176,Western
SEN,2004,Senegal,0.423,NA,3299.640304,60.308,1.44738204,10.9757045,Western
SEN,2005,Senegal,0.43,NA,3357.604941,60.98,1.380188645,11.235472,Western
SEN,2006,Senegal,0.438,NA,3356.224777,61.801,1.539999962,11.5000945,Western
SEN,2007,Senegal,0.45,NA,3361.810094,62.653,1.70999999,11.7703435,Western
SEN,2008,Senegal,0.462,NA,3403.876201,63.201,1.880000019,12.048959,Western
SEN,2009,Senegal,0.47,NA,3379.072942,63.751,2.050000048,12.337389,Western
SEN,2010,Senegal,0.477,NA,3404.265255,64.221,2.220000076,12.6354125,Western
SEN,2011,Senegal,0.491,NA,3336.210982,64.799,2.390000105,12.9588965,Western
SEN,2012,Senegal,0.499,NA,3373.480607,65.229,2.585000038,13.3104945,Western
SEN,2013,Senegal,0.504,NA,3360.58602,65.638,2.779999971,13.710849,Western
SEN,2014,Senegal,0.508,NA,3463.438637,66.001,2.65593493,14.1521015,Western
SEN,2015,Senegal,0.509,NA,3559.891802,66.451,2.531869888,14.5933305,Western
SEN,2016,Senegal,0.516,NA,3681.935246,66.724,2.891940117,15.0345205,Western
SEN,2017,Senegal,0.517,NA,3841.22863,67.059,2.829999924,15.4750015,Western
SEN,2018,Senegal,0.522,NA,3980.056505,67.379,2.998349905,15.9144985,Western
SEN,2019,Senegal,0.52,NA,4052.25046,67.668,2.84145999,16.3529215,Western
SEN,2020,Senegal,0.522,NA,4037.019884,67.496,2.887631869,16.7892195,Western
SEN,2021,Senegal,0.522,NA,4150.17929,66.868,2.934554012,17.2208665,Western
SEN,2022,Senegal,0.526,NA,4172.138896,67.788,2.934554012,17.651103,Western
SYC,2023,Seychelles,0.848,54,29195.03792,72.862,11.19995,0.1279505,Eastern
SYC,2010,Seychelles,0.758,NA,20608.45434,72.477,10.76056465,0.094971,Eastern
SYC,2011,Seychelles,0.772,NA,22810.14696,72.506,10.80938524,0.097024,Eastern
SYC,2012,Seychelles,0.797,NA,24954.83175,72.491,10.85820584,0.099543,Eastern
SYC,2013,Seychelles,0.797,NA,23339.89641,72.428,10.90702643,0.1020925,Eastern
SYC,2014,Seychelles,0.814,NA,23887.28378,72.355,10.95584703,0.1046545,Eastern
SYC,2015,Seychelles,0.819,NA,25598.97436,72.285,11.00466762,0.1072295,Eastern
SYC,2016,Seychelles,0.836,NA,28024.55248,72.246,11.05348822,0.109821,Eastern
SYC,2017,Seychelles,0.844,NA,29627.68059,72.232,11.10230881,0.1124265,Eastern
SYC,2018,Seychelles,0.847,NA,31385.39788,72.176,11.15112941,0.11504,Eastern
SYC,2019,Seychelles,0.85,NA,33095.3205,72.123,11.19995,0.1176505,Eastern
SYC,2020,Seychelles,0.853,NA,29041.74858,74.091,11.19995,0.120291,Eastern
SYC,2021,Seychelles,0.838,NA,28723.19962,71.22,11.19995,0.1229875,Eastern
SYC,2022,Seychelles,0.836,NA,27682.19433,71.248,11.19995,0.1255225,Eastern
SLE,2023,Sierra Leone,0.467,185,1713.727772,61.786,3.535297609,8.460512,Western
SLE,1990,Sierra Leone,0.313,NA,1771.376699,43.72,1.905222798,4.1968285,Western
SLE,1991,Sierra Leone,0.303,NA,1665.010748,43.287,1.996866426,4.246267,Western
SLE,1992,Sierra Leone,0.305,NA,1479.390669,43.451,2.088510054,4.166366,Western
SLE,1993,Sierra Leone,0.312,NA,1571.14492,43.428,2.180153683,4.1571295,Western
SLE,1994,Sierra Leone,0.312,NA,1504.500157,42.808,2.271797311,4.173105,Western
SLE,1995,Sierra Leone,0.314,NA,1451.060315,42.579,2.363440939,4.179179,Western
SLE,1996,Sierra Leone,0.311,NA,1115.679584,43.528,2.44543787,4.19921,Western
SLE,1997,Sierra Leone,0.307,NA,920.904359,43.649,2.5274348,4.2537155,Western
SLE,1998,Sierra Leone,0.304,NA,874.9027504,42.714,2.609431731,4.295785,Western
SLE,1999,Sierra Leone,0.301,NA,812.9196658,41.962,2.6914286610000002,4.3180435,Western
SLE,2000,Sierra Leone,0.318,NA,828.3256875,44.834,2.773425592,4.4236115,Western
SLE,2001,Sierra Leone,0.33,NA,921.9308153,45.448,2.86506922,4.6927155,Western
SLE,2002,Sierra Leone,0.345,NA,1102.931046,46.174,2.956712848,4.9714345,Western
SLE,2003,Sierra Leone,0.354,NA,1162.879295,46.784,3.048356477,5.177687,Western
SLE,2004,Sierra Leone,0.363,NA,1195.262396,47.485,3.140000105,5.3557165,Western
SLE,2005,Sierra Leone,0.37,NA,1215.189958,48.306,3.168450099,5.5017125,Western
SLE,2006,Sierra Leone,0.372,NA,1079.107353,49.547,3.196900093,5.624466,Western
SLE,2007,Sierra Leone,0.391,NA,1404.941478,50.024,3.225350087,5.7493525,Western
SLE,2008,Sierra Leone,0.4,NA,1493.176358,50.693,3.25380008,5.8947225,Western
SLE,2009,Sierra Leone,0.406,NA,1502.363925,51.312,3.282250074,6.0556465,Western
SLE,2010,Sierra Leone,0.41,NA,1430.420805,51.927,3.310700068,6.222714,Western
SLE,2011,Sierra Leone,0.416,NA,1515.543448,52.594,3.339150062,6.387251,Western
SLE,2012,Sierra Leone,0.418,NA,1472.681954,53.159,3.367600056,6.55108,Western
SLE,2013,Sierra Leone,0.436,NA,1922.897166,54.051,3.39605005,6.7140515,Western
SLE,2014,Sierra Leone,0.438,NA,1931.571989,54.281,3.424500044,6.876385,Western
SLE,2015,Sierra Leone,0.432,NA,1521.640535,55.454,3.452950037,7.037655,Western
SLE,2016,Sierra Leone,0.441,NA,1575.096085,56.937,3.481400031,7.2053285,Western
SLE,2017,Sierra Leone,0.445,NA,1581.521292,57.761,3.509850025,7.379299,Western
SLE,2018,Sierra Leone,0.451,NA,1609.700767,59.059,3.50654006,7.554563,Western
SLE,2019,Sierra Leone,0.455,NA,1648.811048,59.593,3.503230095,7.731991,Western
SLE,2020,Sierra Leone,0.454,NA,1566.87715,59.694,3.519227327,7.912558,Western
SLE,2021,Sierra Leone,0.458,NA,1605.325349,60.26,3.535297609,8.094602,Western
SLE,2022,Sierra Leone,0.463,NA,1657.141116,61.275,3.535297609,8.2768065,Western
ZAF,2023,South Africa,0.741,106,13693.98858,66.139,11.60999966,63.2123835,Southern
ZAF,1990,South Africa,0.633,NA,9628.174037,62.942,6.699636675,40.7462675,Southern
ZAF,1991,South Africa,0.641,NA,9310.661968,62.983,7.056812991,41.687898,Southern
ZAF,1992,South Africa,0.645,NA,8917.393094,62.839,7.413989307,42.443509,Southern
ZAF,1993,South Africa,0.65,NA,8885.029193,62.618,7.771165622,43.2971565,Southern
ZAF,1994,South Africa,0.654,NA,9029.094966,62.069,8.128341938,44.0041395,Southern
ZAF,1995,South Africa,0.654,NA,9069.525153,61.603,8.485518254,44.5415545,Southern
ZAF,1996,South Africa,0.649,NA,9400.03824,61.079,8.281122559,45.123018,Southern
ZAF,1997,South Africa,0.642,NA,9485.98568,60.538,8.076726864,45.666838,Southern
ZAF,1998,South Africa,0.634,NA,9378.204604,59.912,7.872331168,46.2238805,Southern
ZAF,1999,South Africa,0.626,NA,9400.757427,59.19,7.667935473,46.730335,Southern
ZAF,2000,South Africa,0.618,NA,9643.376205,58.368,7.463539778,47.1597185,Southern
ZAF,2001,South Africa,0.613,NA,9799.470791,57.161,7.670000076,47.5668005,Southern
ZAF,2002,South Africa,0.614,NA,10186.52947,55.58,8.520000458,48.019415,Southern
ZAF,2003,South Africa,0.61,NA,10416.77908,54.245,8.760000229,48.500348,Southern
ZAF,2004,South Africa,0.613,NA,10915.21171,53.963,8.819999695,48.9914205,Southern
ZAF,2005,South Africa,0.616,NA,11420.73855,53.914,8.899999619,49.4900325,Southern
ZAF,2006,South Africa,0.622,NA,12080.35425,54.22,8.949999809,49.998277,Southern
ZAF,2007,South Africa,0.632,NA,12530.18191,54.948,9.0799999239999991,50.5285835,Southern
ZAF,2008,South Africa,0.643,NA,12894.92203,55.982,9.220000267,51.1145985,Southern
ZAF,2009,South Africa,0.657,NA,12859.28352,57.413,9.600000381,51.728516,Southern
ZAF,2010,South Africa,0.669,NA,13291.54152,58.886,9.6700000760000009,52.344051,Southern
ZAF,2011,South Africa,0.683,NA,13729.97575,60.602,9.68999958,52.995205,Southern
ZAF,2012,South Africa,0.696,NA,13677.73993,61.737,9.930000305,53.7825665,Southern
ZAF,2013,South Africa,0.705,NA,13774.90855,62.388,10.03999996,54.6787915,Southern
ZAF,2014,South Africa,0.713,NA,13671.41134,63.184,10.149999619999999,55.5948385,Southern
ZAF,2015,South Africa,0.722,NA,13653.94951,64.053,10.22999954,56.7235365,Southern
ZAF,2016,South Africa,0.722,NA,13635.83522,64.749,10.18499994,57.259551,Southern
ZAF,2017,South Africa,0.726,NA,13862.17756,65.422,10.14000034,57.635162,Southern
ZAF,2018,South Africa,0.732,NA,13839.46332,65.726,10.75500011,58.6130005,Southern
ZAF,2019,South Africa,0.742,NA,13882.0147,66.071,11.36999989,59.5878855,Southern
ZAF,2020,South Africa,0.724,NA,13241.77516,65.15,10.55465984,60.562381,Southern
ZAF,2021,South Africa,0.721,NA,13901.69786,62.01,11.60999966,61.502603,Southern
ZAF,2022,South Africa,0.737,NA,13819.63409,65.454,11.60999966,62.37841,Southern
SSD,2023,South Sudan,0.388,193,688.3472771,57.617,5.730000019,11.483374,Eastern
SSD,2010,South Sudan,0.42,NA,1315.606067,57.485,5.730000019,9.7459535,Eastern
SSD,2011,South Sudan,0.422,NA,1318.710902,57.674,5.730000019,10.288109,Eastern
SSD,2012,South Sudan,0.389,NA,715.4796485,58.241,5.730000019,10.75624,Eastern
SSD,2013,South Sudan,0.391,NA,719.5212735,58.285,5.730000019,11.1662755,Eastern
SSD,2014,South Sudan,0.343,NA,712.6837014,45.625,5.730000019,11.2350725,Eastern
SSD,2015,South Sudan,0.317,NA,735.3571186,39.757,5.730000019,11.1075615,Eastern
SSD,2016,South Sudan,0.297,NA,698.6450071,36.72,5.730000019,10.830102,Eastern
SSD,2017,South Sudan,0.292,NA,739.1060484,35.351,5.730000019,10.2591535,Eastern
SSD,2018,South Sudan,0.371,NA,728.8498839,51.905,5.730000019,10.122977,Eastern
SSD,2019,South Sudan,0.403,NA,838.5734482,58.129,5.730000019,10.423384,Eastern
SSD,2020,South Sudan,0.398,NA,791.0577924,57.648,5.730000019,10.698467,Eastern
SSD,2021,South Sudan,0.393,NA,759.8241311,57.047,5.730000019,10.86578,Eastern
SSD,2022,South Sudan,0.388,NA,701.4570353,57.203,5.730000019,11.0211775,Eastern
TZA,2023,Tanzania (United Republic of),0.555,165,3514.632861,66.995,6.065350056,66.6176065,Eastern
TZA,1990,Tanzania (United Republic of),0.381,NA,1725.497437,51.985,3.331898555,26.1102065,Eastern
TZA,1991,Tanzania (United Republic of),0.382,NA,1723.820923,51.837,3.422600238,26.780436,Eastern
TZA,1992,Tanzania (United Republic of),0.381,NA,1687.757568,51.432,3.513301921,27.4575875,Eastern
TZA,1993,Tanzania (United Republic of),0.382,NA,1659.373535,51.215,3.604003604,28.3326915,Eastern
TZA,1994,Tanzania (United Republic of),0.38,NA,1626.706299,51.077,3.694705287,29.442356,Eastern
TZA,1995,Tanzania (United Republic of),0.38,NA,1642.75769,51.005,3.785406969,30.383497,Eastern
TZA,1996,Tanzania (United Republic of),0.383,NA,1704.655762,51.132,3.874257598,30.945762,Eastern
TZA,1997,Tanzania (United Republic of),0.388,NA,1720.842041,51.246,3.963108226,31.578089,Eastern
TZA,1998,Tanzania (United Republic of),0.396,NA,1748.534912,51.807,4.0519588540000004,32.420458000000004,Eastern
TZA,1999,Tanzania (United Republic of),0.404,NA,1778.484619,52.399,4.140809482,33.3003305,Eastern
TZA,2000,Tanzania (United Republic of),0.414,NA,1814.37207,53.244,4.22966011,34.2601385,Eastern
TZA,2001,Tanzania (United Republic of),0.422,NA,1846.038452,54.124,4.26483015,35.198299,Eastern
TZA,2002,Tanzania (United Republic of),0.433,NA,1959.320435,54.94,4.300000191,36.1213035,Eastern
TZA,2003,Tanzania (United Republic of),0.444,NA,2024.436401,55.929,4.415000153,37.089555,Eastern
TZA,2004,Tanzania (United Republic of),0.455,NA,2117.403809,56.836,4.530000114,38.1096685,Eastern
TZA,2005,Tanzania (United Republic of),0.465,NA,2200.789063,57.675,4.645000076,39.182076,Eastern
TZA,2006,Tanzania (United Republic of),0.477,NA,2319.785156,58.512,4.760000038,40.2949025,Eastern
TZA,2007,Tanzania (United Republic of),0.486,NA,2380.104248,59.26,4.875,41.4355125,Eastern
TZA,2008,Tanzania (United Republic of),0.495,NA,2451.931396,59.896,4.989999962,42.570728,Eastern
TZA,2009,Tanzania (United Republic of),0.504,NA,2520.546875,60.494,5.104999924,43.6339815,Eastern
TZA,2010,Tanzania (United Republic of),0.513,NA,2588.6604,61.127,5.219999886,44.7584875,Eastern
TZA,2011,Tanzania (United Republic of),0.516,NA,2707.87207,61.618,5.334999847,46.029367,Eastern
TZA,2012,Tanzania (United Republic of),0.519,NA,2761.314697,62.286,5.449999809,47.3742605,Eastern
TZA,2013,Tanzania (United Republic of),0.521,NA,2857.656738,62.788,5.464523156,48.8241285,Eastern
TZA,2014,Tanzania (United Republic of),0.521,NA,2970.01709,63.364,5.479046504,50.3515115,Eastern
TZA,2015,Tanzania (United Republic of),0.52,NA,3034.086914,63.928,5.493569851,52.020962,Eastern
TZA,2016,Tanzania (United Republic of),0.52,NA,3118.503906,64.404,5.525429885,53.824013,Eastern
TZA,2017,Tanzania (United Republic of),0.528,NA,3225.914307,64.963,5.557289918,55.65289,Eastern
TZA,2018,Tanzania (United Republic of),0.537,NA,3318.586182,65.488,5.589149952,57.4371445,Eastern
TZA,2019,Tanzania (United Republic of),0.546,NA,3390.398926,66.007,5.708199978,59.174891,Eastern
TZA,2020,Tanzania (United Republic of),0.554,NA,3343.504639,66.771,5.827250004,60.9727975,Eastern
TZA,2021,Tanzania (United Republic of),0.548,NA,3393.24292,66.131,5.94630003,62.830412,Eastern
TZA,2022,Tanzania (United Republic of),0.554,NA,3444.732422,66.879,6.065350056,64.711821,Eastern
TGO,2023,Togo,0.571,161,2855.963828,62.739,5.861114619,9.3043375,Western
TGO,1990,Togo,0.412,NA,2210.7657599999998,54.557,2.317076507,3.998761,Western
TGO,1991,Togo,0.415,NA,2136.167964,54.255,2.40077024,4.1155605,Western
TGO,1992,Togo,0.406,NA,1994.495429,54.077,2.484463973,4.233617,Western
TGO,1993,Togo,0.404,NA,1730.827054,53.852,2.568157707,4.2074535,Western
TGO,1994,Togo,0.413,NA,1923.381881,53.707,2.65185144,4.2229395,Western
TGO,1995,Togo,0.425,NA,2007.53867,53.692,2.735545173,4.410832,Western
TGO,1996,Togo,0.433,NA,2109.141899,53.817,2.805289951,4.57786,Western
TGO,1997,Togo,0.441,NA,2335.540761,53.845,2.875034729,4.72503,Western
TGO,1998,Togo,0.442,NA,2220.384988,53.956,2.944779507,4.8609125,Western
TGO,1999,Togo,0.446,NA,2196.376829,54.31,3.014524284,5.000269,Western
TGO,2000,Togo,0.448,NA,2125.387679,54.577,3.084269062,5.1400365,Western
TGO,2001,Togo,0.452,NA,2085.478569,54.746,3.123016161,5.277382,Western
TGO,2002,Togo,0.455,NA,2119.174601,55.032,3.16176326,5.4132735,Western
TGO,2003,Togo,0.46,NA,2205.606483,55.299,3.200510359,5.5521665,Western
TGO,2004,Togo,0.461,NA,2121.873257,55.594,3.239257457,5.696508,Western
TGO,2005,Togo,0.46,NA,1971.507784,55.916,3.278004556,5.844631,Western
TGO,2006,Togo,0.465,NA,1966.544223,56.142,3.293503396,6.0106685,Western
TGO,2007,Togo,0.458,NA,1892.887285,56.382,3.309002235,6.188344,Western
TGO,2008,Togo,0.465,NA,1922.04909,56.651,3.324501075,6.368812,Western
TGO,2009,Togo,0.473,NA,1969.088544,56.927,3.339999914,6.5518655,Western
TGO,2010,Togo,0.483,NA,2027.707769,57.227,3.49000001,6.73259,Western
TGO,2011,Togo,0.495,NA,2189.11771,57.612,3.640000105,6.916474,Western
TGO,2012,Togo,0.5,NA,2177.144149,57.94,3.843096773,7.100736,Western
TGO,2013,Togo,0.507,NA,2252.590618,58.345,4.046193441,7.285442,Western
TGO,2014,Togo,0.514,NA,2326.997309,58.766,4.249290109,7.4724505,Western
TGO,2015,Togo,0.523,NA,2431.104266,59.22,4.452386777,7.6631955,Western
TGO,2016,Togo,0.528,NA,2433.194543,59.669,4.655483445,7.858289,Western
TGO,2017,Togo,0.534,NA,2453.335198,60.135,4.858580112,8.0571395,Western
TGO,2018,Togo,0.542,NA,2513.970798,60.601,5.091867333,8.258778,Western
TGO,2019,Togo,0.549,NA,2575.953638,61.055,5.336355959,8.463068,Western
TGO,2020,Togo,0.554,NA,2571.6767,61.123,5.592583833,8.6697205,Western
TGO,2021,Togo,0.56,NA,2652.743598,61.328,5.861114619,8.8783785,Western
TGO,2022,Togo,0.567,NA,2747.706475,62.29,5.861114619,9.0897385,Western
UGA,2023,Uganda,0.582,157,2736.410021,68.252,6.323663082,48.6566015,Eastern
UGA,1990,Uganda,0.342,NA,1060.146234,47.561,3.174521866,17.5698975,Eastern
UGA,1991,Uganda,0.345,NA,1084.100532,47.549,3.25,18.1559015,Eastern
UGA,1992,Uganda,0.339,NA,1070.176969,47.671,3.327272719,18.785032,Eastern
UGA,1993,Uganda,0.347,NA,1136.062803,47.681,3.404545437,19.4451605,Eastern
UGA,1994,Uganda,0.35,NA,1168.584125,47.675,3.481818156,20.108801,Eastern
UGA,1995,Uganda,0.356,NA,1274.31713,47.706,3.559090874,20.6656675,Eastern
UGA,1996,Uganda,0.367,NA,1356.896407,47.759,3.636363593,21.2315495,Eastern
UGA,1997,Uganda,0.376,NA,1392.429444,48.026,3.713636312,21.8560455,Eastern
UGA,1998,Uganda,0.386,NA,1420.059263,48.263,3.79090903,22.5158065,Eastern
UGA,1999,Uganda,0.398,NA,1483.97501,48.977,3.868181749,23.2572805,Eastern
UGA,2000,Uganda,0.407,NA,1461.471759,49.64,3.945454467,24.00015,Eastern
UGA,2001,Uganda,0.418,NA,1471.801887,50.576,4.022727186,24.7456755,Eastern
UGA,2002,Uganda,0.432,NA,1566.431385,51.443,4.099999905,25.53287,Eastern
UGA,2003,Uganda,0.446,NA,1618.140755,52.414,4.274999936,26.352124,Eastern
UGA,2004,Uganda,0.461,NA,1667.395904,53.699,4.449999968,27.154515,Eastern
UGA,2005,Uganda,0.47,NA,1718.253342,54.926,4.625,27.963289,Eastern
UGA,2006,Uganda,0.481,NA,1857.083284,56.118,4.800000032,28.7940035,Eastern
UGA,2007,Uganda,0.492,NA,1965.676981,57.248,4.975000064,29.6534305,Eastern
UGA,2008,Uganda,0.502,NA,2077.807244,58.253,5.150000095,30.5395525,Eastern
UGA,2009,Uganda,0.509,NA,2159.018059,59.157,5.1450001,31.451151,Eastern
UGA,2010,Uganda,0.514,NA,2213.835294,59.959,5.140000105,32.3908015,Eastern
UGA,2011,Uganda,0.522,NA,2355.249069,60.791,5.13500011,33.3545435,Eastern
UGA,2012,Uganda,0.526,NA,2362.193572,61.579,5.1300001140000004,34.3374375,Eastern
UGA,2013,Uganda,0.532,NA,2375.415453,62.353,5.319962621,35.337042,Eastern
UGA,2014,Uganda,0.539,NA,2419.514803,63.057,5.509925127,36.3955385,Eastern
UGA,2015,Uganda,0.547,NA,2477.762376,63.831,5.699887633,37.5314455,Eastern
UGA,2016,Uganda,0.553,NA,2514.391646,64.494,5.88985014,38.799152,Eastern
UGA,2017,Uganda,0.557,NA,2489.071819,65.174,5.974164,40.177388,Eastern
UGA,2018,Uganda,0.563,NA,2544.29198,65.775,6.059684822,41.565831,Eastern
UGA,2019,Uganda,0.569,NA,2623.14271,66.354,6.146429885,42.9996375,Eastern
UGA,2020,Uganda,0.571,NA,2627.007181,66.41,6.234416713,44.4571525,Eastern
UGA,2021,Uganda,0.573,NA,2629.453979,66.45,6.323663082,45.91093,Eastern
UGA,2022,Uganda,0.578,NA,2669.577833,67.675,6.323663082,47.3127195,Eastern
ZMB,2023,Zambia,0.595,154,3446.675821,66.349,7.397408543,20.723965,Eastern
ZMB,1990,Zambia,0.422,NA,2277.766516,48.204,4.480000019,7.786169,Eastern
ZMB,1991,Zambia,0.416,NA,2110.7485,47.443,4.571048226,7.98165,Eastern
ZMB,1992,Zambia,0.414,NA,2058.029188,46.968,4.662096432,8.17668,Eastern
ZMB,1993,Zambia,0.417,NA,2196.686003,46.678,4.753144639,8.373921,Eastern
ZMB,1994,Zambia,0.413,NA,1988.015814,46.344,4.844192845,8.576269,Eastern
ZMB,1995,Zambia,0.413,NA,1999.151179,46.051,4.935241052,8.7857635,Eastern
ZMB,1996,Zambia,0.415,NA,2085.928146,45.757,5.026289259,9.004053,Eastern
ZMB,1997,Zambia,0.418,NA,2108.589038,45.743,5.117337465,9.2370625,Eastern
ZMB,1998,Zambia,0.418,NA,2035.966227,45.709,5.208385672,9.4824085,Eastern
ZMB,1999,Zambia,0.423,NA,2107.057741,45.924,5.299433878,9.740005,Eastern
ZMB,2000,Zambia,0.429,NA,2139.219725,46.577,5.390482085,10.0176315,Eastern
ZMB,2001,Zambia,0.437,NA,2192.869514,47.408,5.481530292,10.3251855,Eastern
ZMB,2002,Zambia,0.445,NA,2232.39488,48.461,5.572578498,10.647949,Eastern
ZMB,2003,Zambia,0.458,NA,2330.567153,49.616,5.663626705,10.983595,Eastern
ZMB,2004,Zambia,0.468,NA,2329.578095,50.54,5.754674911,11.338198,Eastern
ZMB,2005,Zambia,0.48,NA,2386.694464,51.615,5.845723118,11.718819,Eastern
ZMB,2006,Zambia,0.492,NA,2445.638023,52.693,5.936771325,12.129553,Eastern
ZMB,2007,Zambia,0.504,NA,2506.596717,53.73,6.027819531,12.5650855,Eastern
ZMB,2008,Zambia,0.514,NA,2699.902446,54.835,6.118867738,13.021324,Eastern
ZMB,2009,Zambia,0.526,NA,3003.05892,55.886,6.209915945,13.4903895,Eastern
ZMB,2010,Zambia,0.533,NA,3068.884675,56.896,6.300964151,13.965594,Eastern
ZMB,2011,Zambia,0.538,NA,3059.51003,57.843,6.392012358,14.4377955,Eastern
ZMB,2012,Zambia,0.551,NA,3544.167885,58.704,6.483060564,14.913629,Eastern
ZMB,2013,Zambia,0.557,NA,3601.22973,59.445,6.574108771,15.398997,Eastern
ZMB,2014,Zambia,0.559,NA,3467.217092,60.109,6.665156978,15.895315,Eastern
ZMB,2015,Zambia,0.565,NA,3608.291752,60.728,6.756205184,16.3990885,Eastern
ZMB,2016,Zambia,0.565,NA,3438.58463,61.129,6.847253391,16.914423,Eastern
ZMB,2017,Zambia,0.57,NA,3524.589923,61.564,6.938301597,17.4413195,Eastern
ZMB,2018,Zambia,0.575,NA,3615.705908,62.138,7.029349804,17.973569,Eastern
ZMB,2019,Zambia,0.578,NA,3531.823111,62.914,7.157121491,18.5138395,Eastern
ZMB,2020,Zambia,0.578,NA,3312.227362,63.361,7.284893177,19.059395,Eastern
ZMB,2021,Zambia,0.574,NA,3219.787938,62.363,7.397408543,19.6036075,Eastern
ZMB,2022,Zambia,0.589,NA,3345.773032,65.279,7.397408543,20.152938,Eastern
ZWE,2023,Zimbabwe,0.598,153,3511.463215,62.775,8.930847216,16.3408215,Eastern
ZWE,1990,Zimbabwe,0.5,NA,2568.179511,58.319,5.026712187,10.1372815,Eastern
ZWE,1991,Zimbabwe,0.502,NA,2639.899942,57.037,5.171277376,10.4048155,Eastern
ZWE,1992,Zimbabwe,0.487,NA,2366.546009,55.602,5.320000172,10.7026995,Eastern
ZWE,1993,Zimbabwe,0.483,NA,2389.253265,53.976,5.473000145,10.8602875,Eastern
ZWE,1994,Zimbabwe,0.482,NA,2511.567688,52.537,5.626000118,10.8731485,Eastern
ZWE,1995,Zimbabwe,0.477,NA,2477.237574,51.144,5.779000092,10.9745985,Eastern
ZWE,1996,Zimbabwe,0.472,NA,2715.722386,48.981,5.932000065,11.1583595,Eastern
ZWE,1997,Zimbabwe,0.472,NA,2669.205668,48.536,6.0850000380000004,11.3698275,Eastern
ZWE,1998,Zimbabwe,0.467,NA,2586.839232,47.551,6.238000011,11.594297,Eastern
ZWE,1999,Zimbabwe,0.462,NA,2506.929398,46.379,6.390999985,11.7834575,Eastern
ZWE,2000,Zimbabwe,0.458,NA,2294.020689,46.034,6.543999958,11.892055,Eastern
ZWE,2001,Zimbabwe,0.456,NA,2343.05293,44.525,6.696999931,11.9719015,Eastern
ZWE,2002,Zimbabwe,0.459,NA,2192.137975,45.938,6.849999905,12.087653,Eastern
ZWE,2003,Zimbabwe,0.45,NA,1991.047702,45.373,6.951999903,12.2323225,Eastern
ZWE,2004,Zimbabwe,0.453,NA,1888.260619,46.043,7.053999901,12.365896,Eastern
ZWE,2005,Zimbabwe,0.455,NA,1790.993373,46.57,7.155999899,12.4834315,Eastern
ZWE,2006,Zimbabwe,0.457,NA,1707.113037,47.056,7.257999897,12.636445,Eastern
ZWE,2007,Zimbabwe,0.459,NA,1652.247166,47.576,7.359999895,12.804058,Eastern
ZWE,2008,Zimbabwe,0.456,NA,1400.848106,48.456,7.461999893,12.9591495,Eastern
ZWE,2009,Zimbabwe,0.488,NA,2128.913891,49.75,7.563999891,13.1427895,Eastern
ZWE,2010,Zimbabwe,0.512,NA,2584.716677,51.925,7.665999889,13.3565475,Eastern
ZWE,2011,Zimbabwe,0.529,NA,2843.665451,53.911,7.767999887,13.595424,Eastern
ZWE,2012,Zimbabwe,0.545,NA,3238.161095,55.386,7.8699998859999996,13.817887,Eastern
ZWE,2013,Zimbabwe,0.554,NA,3309.625854,56.842,7.989999771,14.0138085,Eastern
ZWE,2014,Zimbabwe,0.56,NA,3233.611071,58.106,8.109999657,14.2073585,Eastern
ZWE,2015,Zimbabwe,0.567,NA,3177.721042,58.989,8.38904953,14.399013,Eastern
ZWE,2016,Zimbabwe,0.57,NA,3124.088959,59.76,8.424524784,14.600294,Eastern
ZWE,2017,Zimbabwe,0.575,NA,3220.71557,60.263,8.460000038,14.812482,Eastern
ZWE,2018,Zimbabwe,0.586,NA,3639.342768,60.906,8.573729992,15.034452,Eastern
ZWE,2019,Zimbabwe,0.584,NA,3352.185618,61.06,8.687459946,15.2713675,Eastern
ZWE,2020,Zimbabwe,0.582,NA,3021.423576,61.53,8.808312975,15.5268885,Eastern
ZWE,2021,Zimbabwe,0.581,NA,3216.553233,60.135,8.930847216,15.79721,Eastern
ZWE,2022,Zimbabwe,0.594,NA,3351.026955,62.36,8.930847216,16.0690555,Eastern
